2019.10.28 21:00:00,1.10968,1.28553,0.68406,0.6345499999999999,1.30528,0.99468,108.969,0.8631799999999999,120.935,1.10393,1.74859,1.44865,1.62211,1.87893,1.67798,1.27873,140.119,2.0254,0.89294,0.68044,74.54000000000001,1.07777,83.468,109.538,69.148,0.8283,0.63108,0.76191
2019.10.28 20:59:00,1.10969,1.28552,0.68403,0.63453,1.3053,0.99465,108.968,0.86311,120.938,1.10391,1.7486,1.44868,1.62212,1.87889,1.67798,1.27873,140.088,2.02561,0.89291,0.68043,74.538,1.07778,83.468,109.538,69.148,0.8283,0.63108,0.76188
2019.10.28 20:58:00,1.10978,1.28565,0.6839499999999999,0.63453,1.30538,0.99459,108.969,0.86307,120.936,1.10379,1.74849,1.44868,1.6222,1.87922,1.67813,1.27882,140.088,2.02563,0.89286,0.68038,74.53700000000001,1.07775,83.46599999999999,109.542,69.149,0.8283,0.63104,0.7617699999999999
2019.10.28 20:57:00,1.10964,1.28563,0.68394,0.63449,1.30538,0.9946700000000001,108.974,0.86307,120.938,1.10386,1.74871,1.44867,1.62227,1.87936,1.67823,1.27873,140.101,2.02584,0.89285,0.68027,74.53100000000001,1.07766,83.464,109.552,69.14700000000001,0.82834,0.631,0.76184
2019.10.28 20:56:00,1.10968,1.28564,0.68393,0.63452,1.30548,0.99464,108.977,0.86302,120.947,1.10379,1.74858,1.44871,1.6223,1.87938,1.67822,1.27882,140.104,2.0257,0.89289,0.68032,74.533,1.07772,83.467,109.546,69.158,0.8283,0.63101,0.7617699999999999
2019.10.28 20:55:00,1.10975,1.28562,0.68394,0.63451,1.30548,0.99478,108.989,0.86292,120.949,1.10394,1.74858,1.44871,1.62227,1.87946,1.67836,1.27881,140.111,2.02605,0.8929,0.68029,74.54000000000001,1.07766,83.47199999999999,109.562,69.158,0.82839,0.63101,0.76187
2019.10.28 20:54:00,1.10967,1.28581,0.68389,0.6344,1.30556,0.99481,108.99,0.86295,120.953,1.10398,1.74889,1.44879,1.62221,1.87968,1.6786,1.27915,140.131,2.02632,0.8929,0.6804,74.542,1.07768,83.471,109.548,69.14700000000001,0.82839,0.63109,0.76185
2019.10.28 20:53:00,1.10976,1.28573,0.68393,0.63444,1.30548,0.99479,108.994,0.8629599999999999,120.957,1.10399,1.74876,1.44877,1.62235,1.87969,1.67858,1.27912,140.148,2.02614,0.8929,0.68036,74.539,1.07779,83.47,109.549,69.15300000000001,0.82826,0.6309900000000001,0.76188
2019.10.28 20:52:00,1.10979,1.2858,0.68393,0.63445,1.30545,0.99477,108.994,0.86297,120.957,1.10398,1.74877,1.44879,1.6223,1.87967,1.67857,1.27915,140.145,2.02606,0.89291,0.6804,74.54300000000001,1.07777,83.47499999999999,109.552,69.15300000000001,0.82831,0.63102,0.76187
2019.10.28 20:51:00,1.10976,1.28575,0.68393,0.63446,1.30539,0.99478,108.994,0.863,120.956,1.10399,1.74878,1.44877,1.6223,1.87961,1.67851,1.27908,140.15,2.02603,0.89291,0.6803900000000001,74.54300000000001,1.07776,83.474,109.553,69.15300000000001,0.8283199999999999,0.63102,0.76188
2019.10.28 20:50:00,1.10971,1.28574,0.68393,0.63465,1.30539,0.99479,108.992,0.86308,120.957,1.10399,1.74828,1.44875,1.62232,1.87961,1.67848,1.27909,140.147,2.02537,0.8928700000000001,0.6803900000000001,74.542,1.07776,83.473,109.55,69.17400000000001,0.8283199999999999,0.63104,0.7619
2019.10.28 20:49:00,1.10971,1.28563,0.68393,0.63466,1.30536,0.99479,108.994,0.86289,120.955,1.10405,1.74831,1.44874,1.62233,1.87948,1.67832,1.27897,140.14,2.0257,0.89284,0.6803900000000001,74.54300000000001,1.07743,83.477,109.552,69.172,0.82853,0.63124,0.76192
2019.10.28 20:48:00,1.10976,1.28594,0.68402,0.6347,1.30539,0.99478,108.987,0.86286,120.954,1.10409,1.74828,1.44883,1.62237,1.87987,1.67865,1.27928,140.132,2.02576,0.89296,0.6803900000000001,74.539,1.07743,83.476,109.545,69.173,0.82851,0.63124,0.76192
2019.10.28 20:47:00,1.10977,1.28604,0.68396,0.63445,1.30546,0.99476,108.981,0.86295,120.949,1.10406,1.74896,1.44878,1.62226,1.87978,1.67878,1.27939,140.157,2.02636,0.89286,0.68048,74.544,1.0775,83.47,109.539,69.142,0.8286,0.63128,0.76193
2019.10.28 20:46:00,1.10971,1.28594,0.68394,0.63442,1.30546,0.99477,108.976,0.8629599999999999,120.949,1.10403,1.74903,1.44877,1.62238,1.87978,1.67864,1.27928,140.161,2.02646,0.89284,0.68041,74.533,1.07781,83.467,109.538,69.14100000000001,0.82824,0.63101,0.76191
2019.10.28 20:45:00,1.1097,1.2859,0.68393,0.6344,1.30546,0.99475,108.979,0.86295,120.938,1.10401,1.74904,1.44883,1.6224,1.87979,1.6786,1.27923,140.143,2.02652,0.89289,0.6803900000000001,74.53400000000001,1.07781,83.468,109.54,69.131,0.82821,0.6309900000000001,0.76186
2019.10.28 20:44:00,1.10965,1.28586,0.68392,0.63444,1.30545,0.9948,108.968,0.86302,120.94,1.10399,1.74882,1.44873,1.62241,1.87975,1.67861,1.27917,140.14,2.0261,0.8928700000000001,0.68037,74.526,1.07782,83.45699999999999,109.532,69.143,0.82821,0.63096,0.7619
2019.10.28 20:43:00,1.10965,1.2857,0.68391,0.63444,1.30539,0.9948399999999999,108.981,0.86304,120.941,1.10405,1.74875,1.44874,1.62231,1.87959,1.67841,1.27909,140.125,2.02598,0.89286,0.6803900000000001,74.533,1.07776,83.465,109.538,69.145,0.82826,0.63101,0.76193
2019.10.28 20:42:00,1.10966,1.28567,0.6839499999999999,0.63449,1.30544,0.9948399999999999,108.98,0.8629599999999999,120.941,1.10411,1.74878,1.44881,1.62234,1.87952,1.67841,1.27912,140.122,2.02622,0.8929,0.68041,74.532,1.07772,83.465,109.533,69.145,0.8283,0.63106,0.76193
2019.10.28 20:41:00,1.10969,1.28584,0.68402,0.63449,1.30547,0.99483,108.974,0.86298,120.943,1.10415,1.74886,1.44881,1.62233,1.87963,1.6786,1.27926,140.12,2.02626,0.89296,0.68044,74.532,1.07775,83.461,109.526,69.14100000000001,0.82834,0.6311099999999999,0.76195
2019.10.28 20:40:00,1.1097,1.28589,0.68402,0.63449,1.30545,0.9948,108.968,0.86291,120.936,1.10406,1.7488,1.44882,1.62225,1.87959,1.6786,1.2793,140.132,2.02638,0.89298,0.6805099999999999,74.536,1.07781,83.462,109.522,69.14,0.82831,0.6311,0.76191
2019.10.28 20:39:00,1.1097,1.28596,0.68392,0.63446,1.30545,0.99487,108.967,0.86289,120.924,1.10402,1.74868,1.44868,1.62218,1.87969,1.67872,1.27933,140.126,2.02622,0.89288,0.68048,74.53400000000001,1.07782,83.456,109.523,69.14,0.82833,0.63109,0.76194
2019.10.28 20:38:00,1.1097,1.28583,0.68397,0.63449,1.30548,0.99488,108.969,0.86287,120.928,1.10407,1.74867,1.44874,1.62225,1.87971,1.67863,1.27929,140.133,2.0262,0.89292,0.68044,74.52500000000001,1.07772,83.456,109.518,69.14100000000001,0.8283199999999999,0.63109,0.76195
2019.10.28 20:37:00,1.10974,1.28587,0.68397,0.63448,1.30545,0.9948,108.968,0.86285,120.93,1.10402,1.74868,1.44874,1.6222,1.87973,1.67865,1.27934,140.122,2.02635,0.89291,0.68047,74.529,1.07772,83.45699999999999,109.516,69.14100000000001,0.82833,0.63112,0.76191
2019.10.28 20:36:00,1.1098,1.28595,0.68397,0.63446,1.30547,0.99485,108.969,0.86286,120.933,1.10408,1.74873,1.44879,1.62224,1.87981,1.67875,1.27933,140.125,2.02641,0.89294,0.68044,74.53,1.07773,83.456,109.523,69.143,0.82833,0.63109,0.76193
2019.10.28 20:35:00,1.1098,1.28598,0.68398,0.63452,1.30544,0.99492,108.97,0.86285,120.929,1.10409,1.7487,1.44872,1.62224,1.87983,1.6788,1.2794,140.134,2.02637,0.89291,0.68047,74.53100000000001,1.07774,83.45699999999999,109.521,69.14100000000001,0.82836,0.63112,0.76197
2019.10.28 20:34:00,1.10978,1.28593,0.68392,0.63453,1.30565,0.99493,108.97,0.86285,120.927,1.10409,1.74872,1.44871,1.62221,1.87982,1.67874,1.27942,140.139,2.02636,0.89286,0.6805,74.53,1.07777,83.458,109.515,69.14,0.82833,0.63113,0.76197
2019.10.28 20:33:00,1.10976,1.28593,0.68402,0.63454,1.30563,0.9949,108.97,0.86268,120.938,1.10416,1.74869,1.44875,1.6223,1.87992,1.67874,1.27943,140.136,2.02673,0.89298,0.68045,74.524,1.07771,83.456,109.513,69.14400000000001,0.8283199999999999,0.63112,0.7619899999999999
2019.10.28 20:32:00,1.10968,1.28623,0.6839499999999999,0.63453,1.30565,0.99494,108.972,0.86276,120.94,1.10415,1.74859,1.44894,1.62215,1.88011,1.67912,1.27972,140.133,2.0264,0.8930399999999999,0.6805600000000001,74.538,1.07778,83.45999999999999,109.517,69.151,0.82833,0.63118,0.7619
2019.10.28 20:31:00,1.10969,1.28606,0.68404,0.63452,1.30556,0.99495,108.98,0.86273,120.939,1.10417,1.74856,1.44891,1.62222,1.87996,1.67914,1.27962,140.172,2.02645,0.89314,0.68052,74.536,1.07766,83.453,109.52,69.152,0.82848,0.63121,0.76191
2019.10.28 20:30:00,1.10975,1.28608,0.68399,0.63452,1.30554,0.99497,108.98,0.86274,120.937,1.10415,1.74853,1.44889,1.62203,1.87981,1.67913,1.27966,140.162,2.02641,0.8931,0.68061,74.54600000000001,1.07779,83.45399999999999,109.519,69.15000000000001,0.82848,0.63122,0.76192
2019.10.28 20:29:00,1.1098,1.28605,0.68403,0.63452,1.30555,0.99502,108.979,0.86274,120.932,1.10419,1.74855,1.44878,1.6221,1.87988,1.6791,1.27964,140.165,2.02644,0.89307,0.68058,74.539,1.07773,83.452,109.515,69.14700000000001,0.82848,0.63122,0.7619899999999999
2019.10.28 20:28:00,1.10976,1.28605,0.68403,0.63461,1.30545,0.995,108.976,0.86278,120.938,1.10422,1.74857,1.44877,1.62201,1.87981,1.67904,1.27971,140.158,2.02639,0.89306,0.68064,74.541,1.0778,83.456,109.508,69.149,0.82841,0.63125,0.76201
2019.10.28 20:27:00,1.10964,1.28601,0.68401,0.63461,1.30537,0.995,108.979,0.8627899999999999,120.935,1.10423,1.74862,1.44884,1.62203,1.87972,1.6789,1.27966,140.156,2.0264,0.89306,0.68064,74.544,1.07779,83.45999999999999,109.514,69.146,0.82839,0.63124,0.7619899999999999
2019.10.28 20:26:00,1.10968,1.28602,0.68405,0.63466,1.30546,0.9949,108.975,0.86272,120.939,1.10421,1.74852,1.44885,1.62209,1.87975,1.67895,1.27965,140.154,2.02646,0.89303,0.68062,74.54000000000001,1.07778,83.456,109.508,69.15300000000001,0.82841,0.63123,0.76198
2019.10.28 20:25:00,1.1097,1.28622,0.68406,0.63465,1.30545,0.99491,108.969,0.86282,120.935,1.10416,1.74844,1.44868,1.62215,1.88003,1.67914,1.27973,140.152,2.0261,0.89299,0.68059,74.539,1.07766,83.45699999999999,109.513,69.154,0.82846,0.63127,0.76202
2019.10.28 20:24:00,1.10972,1.286,0.68413,0.63467,1.30546,0.99491,108.971,0.86275,120.932,1.10416,1.74831,1.44879,1.62205,1.87962,1.6787,1.27952,140.168,2.02606,0.89312,0.6806,74.541,1.0777,83.465,109.514,69.15900000000001,0.82843,0.63126,0.76198
2019.10.28 20:23:00,1.10968,1.28611,0.68413,0.63472,1.30547,0.9949,108.969,0.8628,120.94,1.10425,1.7485,1.44891,1.62193,1.8796,1.67894,1.27962,140.145,2.02615,0.89312,0.68066,74.54600000000001,1.0777,83.455,109.512,69.157,0.8285400000000001,0.63132,0.7619899999999999
2019.10.28 20:22:00,1.10966,1.28616,0.68415,0.63467,1.30545,0.9948900000000001,108.966,0.8627899999999999,120.939,1.10423,1.74842,1.44893,1.62202,1.87971,1.67902,1.27968,140.152,2.02611,0.89316,0.68067,74.545,1.07776,83.45399999999999,109.509,69.15900000000001,0.82852,0.63131,0.76197
2019.10.28 20:21:00,1.10972,1.28619,0.68416,0.63471,1.30547,0.9949,108.963,0.86267,120.93,1.10422,1.74827,1.44887,1.622,1.87969,1.67909,1.27971,140.154,2.02624,0.89318,0.68068,74.547,1.07774,83.452,109.508,69.158,0.82857,0.63132,0.76197
2019.10.28 20:20:00,1.10968,1.28633,0.68415,0.63459,1.30562,0.99496,108.96,0.86274,120.934,1.10429,1.74834,1.44886,1.62192,1.87986,1.67926,1.27983,140.156,2.02618,0.89317,0.68069,74.544,1.0777,83.44799999999999,109.504,69.157,0.82861,0.63137,0.76203
2019.10.28 20:19:00,1.10966,1.28625,0.68416,0.6346000000000001,1.30565,0.99499,108.963,0.86275,120.929,1.10432,1.74827,1.4489,1.62189,1.87973,1.6791,1.27981,140.165,2.02609,0.89318,0.6807299999999999,74.54600000000001,1.07779,83.453,109.501,69.15600000000001,0.82857,0.63137,0.7620400000000001
2019.10.28 20:18:00,1.10965,1.28621,0.68412,0.63468,1.30562,0.99496,108.957,0.86288,120.925,1.10424,1.74849,1.44902,1.62191,1.87962,1.67911,1.27983,140.159,2.026,0.89325,0.68075,74.544,1.07773,83.446,109.492,69.145,0.8286,0.63142,0.76192
2019.10.28 20:17:00,1.10964,1.28599,0.68412,0.63464,1.30557,0.99493,108.958,0.8629,120.918,1.10422,1.74848,1.44904,1.62197,1.87941,1.67902,1.27955,140.148,2.02597,0.89325,0.68069,74.539,1.0778,83.437,109.496,69.142,0.82857,0.6313,0.76188
2019.10.28 20:16:00,1.10966,1.28593,0.68414,0.63473,1.30548,0.9948399999999999,108.952,0.86297,120.915,1.10424,1.74846,1.44918,1.62197,1.87936,1.67894,1.27946,140.126,2.0257,0.8932600000000001,0.68067,74.535,1.07777,83.432,109.493,69.143,0.82859,0.63128,0.76183
2019.10.28 20:15:00,1.10968,1.28598,0.68416,0.63471,1.30548,0.99481,108.937,0.86302,120.919,1.10422,1.74853,1.44913,1.6221,1.87938,1.67901,1.27942,140.111,2.02574,0.89327,0.68063,74.527,1.07776,83.422,109.487,69.14,0.82869,0.6313,0.76184
2019.10.28 20:14:00,1.10978,1.28591,0.6842200000000001,0.63478,1.30548,0.99486,108.939,0.86294,120.924,1.10429,1.74839,1.44905,1.62208,1.87928,1.67885,1.2793,140.098,2.02574,0.8932600000000001,0.68062,74.53100000000001,1.07779,83.42700000000001,109.493,69.15000000000001,0.82864,0.63125,0.76194
2019.10.28 20:13:00,1.10972,1.28605,0.68425,0.63478,1.30538,0.99486,108.942,0.86295,120.911,1.10432,1.74851,1.44911,1.62195,1.87932,1.67889,1.27952,140.094,2.02582,0.89332,0.6807299999999999,74.538,1.07779,83.435,109.489,69.139,0.82867,0.63136,0.76193
2019.10.28 20:12:00,1.10973,1.28609,0.68431,0.63471,1.3054,0.99481,108.926,0.8629,120.924,1.10432,1.74838,1.44918,1.62192,1.87921,1.67896,1.27953,140.111,2.02581,0.8934,0.68075,74.532,1.07784,83.422,109.477,69.149,0.82864,0.6313299999999999,0.7619
2019.10.28 20:11:00,1.10982,1.28627,0.68432,0.6347699999999999,1.30546,0.99476,108.93,0.86297,120.933,1.1044,1.74851,1.44922,1.62185,1.87933,1.67919,1.27964,140.097,2.0258,0.89332,0.6808,74.542,1.0778,83.42400000000001,109.484,69.15300000000001,0.82874,0.6313800000000001,0.76191
2019.10.28 20:10:00,1.10983,1.28627,0.68432,0.63474,1.30548,0.9948399999999999,108.927,0.86311,120.928,1.10447,1.74862,1.44922,1.62206,1.87936,1.6791,1.27957,140.118,2.02567,0.89333,0.68075,74.539,1.07779,83.429,109.49,69.145,0.82867,0.63142,0.76197
2019.10.28 20:09:00,1.10979,1.28605,0.68435,0.63476,1.30545,0.99486,108.927,0.86307,120.917,1.10438,1.7483,1.44914,1.62202,1.87907,1.67878,1.27948,140.118,2.02545,0.89342,0.6808,74.54000000000001,1.0779,83.429,109.478,69.15000000000001,0.8286,0.63141,0.76194
2019.10.28 20:08:00,1.10978,1.28598,0.68432,0.63479,1.30538,0.99492,108.927,0.86307,120.919,1.10445,1.74833,1.44916,1.62181,1.87887,1.67879,1.27941,140.09,2.02548,0.8934,0.68083,74.541,1.07783,83.42400000000001,109.478,69.148,0.8287,0.63146,0.7619899999999999
2019.10.28 20:07:00,1.1098,1.28596,0.68433,0.63469,1.30539,0.99494,108.928,0.86303,120.928,1.10445,1.74825,1.44911,1.62182,1.8789,1.6788,1.27949,140.084,2.0255,0.8934,0.68086,74.541,1.07785,83.42400000000001,109.472,69.157,0.82869,0.6315,0.76201
2019.10.28 20:06:00,1.10976,1.28601,0.68435,0.63471,1.30533,0.99491,108.939,0.86309,120.932,1.10445,1.74825,1.44909,1.62177,1.87894,1.67881,1.27955,140.084,2.02532,0.89337,0.68089,74.54900000000001,1.07784,83.43300000000001,109.48,69.16,0.82869,0.63153,0.76203
2019.10.28 20:05:00,1.10976,1.28598,0.68437,0.63461,1.30545,0.995,108.938,0.86294,120.93,1.10453,1.74852,1.44909,1.62182,1.87883,1.67872,1.27949,140.102,2.02595,0.89341,0.68089,74.55,1.07781,83.43600000000001,109.481,69.149,0.82868,0.6315499999999999,0.76209
2019.10.28 20:04:00,1.10988,1.28619,0.68442,0.63466,1.30538,0.99501,108.938,0.86293,120.924,1.1045,1.74838,1.44896,1.62174,1.87909,1.67902,1.27981,140.098,2.02585,0.89344,0.68096,74.55200000000001,1.078,83.437,109.473,69.151,0.82857,0.63149,0.76214
2019.10.28 20:03:00,1.10989,1.28617,0.68432,0.63469,1.30538,0.9951100000000001,108.938,0.86293,120.911,1.10442,1.74834,1.44883,1.62154,1.87892,1.6789,1.27983,140.12,2.02582,0.89339,0.68103,74.559,1.07804,83.44,109.471,69.145,0.82855,0.63152,0.76215
2019.10.28 20:02:00,1.10991,1.2859,0.68433,0.63461,1.30537,0.99517,108.945,0.86297,120.923,1.10456,1.74832,1.44886,1.62147,1.87882,1.67867,1.27964,140.121,2.02568,0.89335,0.681,74.553,1.07805,83.438,109.466,69.15300000000001,0.8285,0.63149,0.7622100000000001
2019.10.28 20:01:00,1.10996,1.28594,0.6843399999999999,0.63462,1.30537,0.99512,108.948,0.86297,120.922,1.10453,1.74826,1.44888,1.62156,1.87881,1.67865,1.27977,140.099,2.02563,0.89337,0.68105,74.556,1.078,83.44499999999999,109.465,69.155,0.82852,0.63157,0.76217
2019.10.28 20:00:00,1.11001,1.28596,0.68423,0.63469,1.30524,0.9952,108.946,0.8630100000000001,120.914,1.10455,1.74833,1.44879,1.62154,1.87876,1.67868,1.27971,140.107,2.02564,0.89322,0.68102,74.55500000000001,1.07796,83.444,109.466,69.145,0.82856,0.63158,0.76225
2019.10.28 19:59:00,1.11014,1.28584,0.68425,0.63467,1.30518,0.9951100000000001,108.945,0.86293,120.914,1.10449,1.74838,1.44882,1.62174,1.87894,1.67851,1.27971,140.105,2.02585,0.89324,0.68097,74.54300000000001,1.07793,83.444,109.457,69.14400000000001,0.82845,0.6315499999999999,0.76219
2019.10.28 19:58:00,1.11011,1.28597,0.6843399999999999,0.63465,1.30521,0.99503,108.941,0.86297,120.934,1.10458,1.74853,1.44892,1.62172,1.87908,1.67867,1.27976,140.092,2.0259,0.8932600000000001,0.68093,74.542,1.07793,83.44,109.463,69.151,0.82846,0.63149,0.76219
2019.10.28 19:57:00,1.11,1.28617,0.68433,0.63469,1.3052,0.9950599999999999,108.941,0.8629599999999999,120.938,1.10462,1.74853,1.44886,1.62184,1.87907,1.67869,1.27978,140.102,2.02592,0.89322,0.6809500000000001,74.551,1.07796,83.449,109.473,69.15300000000001,0.82845,0.63151,0.76226
2019.10.28 19:56:00,1.11,1.28612,0.68433,0.63473,1.3052,0.99508,108.946,0.86294,120.936,1.1046,1.7486,1.44885,1.6218,1.87906,1.67865,1.27984,140.117,2.02605,0.89323,0.68099,74.554,1.07798,83.45699999999999,109.472,69.149,0.8284,0.63153,0.76225
2019.10.28 19:55:00,1.10998,1.28616,0.68436,0.63478,1.30515,0.99498,108.946,0.8630100000000001,120.94,1.10457,1.7486,1.44893,1.6218,1.87912,1.67868,1.27988,140.124,2.02597,0.8932600000000001,0.68098,74.554,1.07801,83.455,109.472,69.152,0.82839,0.63149,0.76219
2019.10.28 19:54:00,1.11002,1.28616,0.68435,0.6347699999999999,1.3052,0.99501,108.94,0.86287,120.937,1.10454,1.74841,1.44886,1.62186,1.8791,1.67869,1.27976,140.127,2.02603,0.89325,0.68093,74.553,1.07798,83.45099999999999,109.477,69.157,0.82844,0.63148,0.76222
2019.10.28 19:53:00,1.11001,1.28627,0.68437,0.6348200000000001,1.30513,0.995,108.944,0.86281,120.939,1.10458,1.74835,1.44887,1.6218,1.87929,1.67887,1.27992,140.122,2.02603,0.89324,0.6809500000000001,74.554,1.07791,83.45399999999999,109.476,69.16200000000001,0.82848,0.6315499999999999,0.76224
2019.10.28 19:52:00,1.10996,1.28641,0.68435,0.63484,1.30501,0.99501,108.942,0.8627899999999999,120.931,1.10454,1.74829,1.44888,1.62179,1.87936,1.67893,1.28002,140.141,2.02607,0.8932600000000001,0.68097,74.556,1.07785,83.455,109.476,69.15900000000001,0.82853,0.63158,0.7622
2019.10.28 19:51:00,1.10976,1.28643,0.68443,0.63484,1.30511,0.99491,108.939,0.86276,120.929,1.10446,1.74818,1.44881,1.62177,1.87942,1.67901,1.28005,140.15,2.02601,0.89331,0.68096,74.551,1.07785,83.45,109.471,69.16200000000001,0.82856,0.63158,0.76218
2019.10.28 19:50:00,1.10984,1.28646,0.68445,0.6348200000000001,1.3052,0.99498,108.936,0.86277,120.938,1.10454,1.74811,1.44872,1.62161,1.87929,1.67899,1.27998,140.147,2.02585,0.89327,0.68097,74.559,1.07789,83.453,109.479,69.169,0.82855,0.63157,0.76229
2019.10.28 19:49:00,1.10985,1.28645,0.6844,0.63475,1.30512,0.99497,108.942,0.8628400000000001,120.939,1.10455,1.74813,1.44884,1.62158,1.8792,1.67883,1.28003,140.15,2.02573,0.89327,0.68103,74.56399999999999,1.07785,83.464,109.479,69.16800000000001,0.8285400000000001,0.63162,0.76223
2019.10.28 19:48:00,1.10979,1.28635,0.68435,0.6348,1.30508,0.995,108.942,0.8628,120.937,1.10454,1.74813,1.4489,1.62169,1.87918,1.67883,1.27991,140.154,2.02591,0.8932600000000001,0.68098,74.559,1.07782,83.456,109.479,69.167,0.82858,0.63161,0.7622
2019.10.28 19:47:00,1.10983,1.2864,0.68433,0.6348,1.30495,0.99496,108.943,0.8627899999999999,120.931,1.10448,1.74832,1.44876,1.62176,1.87944,1.67901,1.28002,140.143,2.0262,0.89317,0.6809500000000001,74.55500000000001,1.07778,83.453,109.475,69.157,0.82861,0.63162,0.76222
2019.10.28 19:46:00,1.11002,1.2864,0.68438,0.63472,1.30501,0.99498,108.941,0.86277,120.937,1.10454,1.74825,1.44877,1.6218,1.8795,1.6789,1.27998,140.15,2.02607,0.8932,0.68091,74.55,1.07785,83.456,109.478,69.163,0.82846,0.63152,0.76226
2019.10.28 19:45:00,1.11002,1.28647,0.68443,0.6347699999999999,1.30512,0.99496,108.941,0.8627,120.938,1.10454,1.74828,1.44867,1.62178,1.87951,1.67895,1.28005,140.149,2.02636,0.89318,0.6809500000000001,74.55500000000001,1.07787,83.459,109.477,69.16200000000001,0.82851,0.63159,0.76232
2019.10.28 19:44:00,1.10998,1.28661,0.68438,0.63484,1.30523,0.99492,108.941,0.86274,120.936,1.10454,1.74852,1.44877,1.62168,1.87956,1.67895,1.28018,140.156,2.02645,0.89317,0.68102,74.562,1.07794,83.468,109.478,69.152,0.82843,0.63157,0.76226
2019.10.28 19:43:00,1.11005,1.28656,0.68443,0.63467,1.3052,0.99491,108.937,0.8628400000000001,120.937,1.10453,1.7484,1.44889,1.62183,1.87962,1.67897,1.28008,140.169,2.0261,0.8933,0.68092,74.553,1.07797,83.45999999999999,109.48,69.157,0.8283700000000001,0.63147,0.76218
2019.10.28 19:42:00,1.10999,1.28644,0.6844,0.6347,1.30523,0.99488,108.935,0.86282,120.941,1.10459,1.74835,1.44904,1.62172,1.87933,1.67896,1.27994,140.161,2.0261,0.89328,0.68097,74.557,1.07796,83.452,109.479,69.16,0.8285,0.63152,0.76215
2019.10.28 19:41:00,1.11005,1.28659,0.68433,0.63462,1.3054,0.9949,108.928,0.8629599999999999,120.941,1.10456,1.74878,1.44909,1.62192,1.87953,1.67914,1.28003,140.146,2.0262,0.89327,0.68093,74.551,1.07783,83.447,109.476,69.14400000000001,0.82859,0.63156,0.7621
2019.10.28 19:40:00,1.11,1.28628,0.68436,0.63452,1.3054,0.99488,108.933,0.86287,120.941,1.10453,1.74872,1.44908,1.62203,1.87933,1.67892,1.27978,140.15,2.02639,0.89329,0.68086,74.544,1.07797,83.444,109.479,69.14700000000001,0.82843,0.63141,0.76211
2019.10.28 19:39:00,1.11001,1.28643,0.68438,0.63448,1.30546,0.99492,108.933,0.86272,120.932,1.10444,1.74865,1.44891,1.62197,1.87943,1.67905,1.27987,140.125,2.02667,0.89331,0.68088,74.548,1.07798,83.44499999999999,109.481,69.143,0.82844,0.63142,0.76212
2019.10.28 19:38:00,1.11003,1.28649,0.68424,0.63447,1.30554,0.99493,108.94,0.86272,120.928,1.10436,1.74885,1.44893,1.62172,1.8795,1.67915,1.27998,140.141,2.02686,0.89323,0.68091,74.55500000000001,1.07813,83.449,109.484,69.136,0.82838,0.63137,0.76203
2019.10.28 19:37:00,1.11006,1.28635,0.68425,0.63445,1.30555,0.99499,108.947,0.86261,120.925,1.10438,1.74884,1.44889,1.62189,1.87971,1.67921,1.27989,140.156,2.02711,0.89325,0.6808,74.544,1.0781,83.44199999999999,109.489,69.133,0.82833,0.63126,0.76209
2019.10.28 19:36:00,1.11001,1.28648,0.68424,0.63439,1.30548,0.99501,108.949,0.8626,120.918,1.10434,1.7488,1.44888,1.62179,1.87979,1.67934,1.28008,140.15,2.02704,0.89329,0.68085,74.54600000000001,1.07817,83.44499999999999,109.485,69.133,0.82828,0.63127,0.7620400000000001
2019.10.28 19:35:00,1.10998,1.28643,0.68424,0.6344,1.30555,0.99505,108.948,0.8626200000000001,120.918,1.10436,1.7488,1.44894,1.62173,1.87974,1.67935,1.28004,140.167,2.02704,0.89335,0.68085,74.54600000000001,1.07819,83.43899999999999,109.482,69.131,0.82831,0.63128,0.7620400000000001
2019.10.28 19:34:00,1.11005,1.28634,0.68419,0.6344,1.30548,0.99507,108.951,0.86277,120.914,1.10435,1.74892,1.44891,1.62166,1.87961,1.67937,1.28003,140.16,2.0269,0.8932600000000001,0.68089,74.548,1.07823,83.437,109.481,69.123,0.8283199999999999,0.63128,0.76205
2019.10.28 19:33:00,1.11007,1.28614,0.68423,0.63439,1.30542,0.99503,108.95,0.8627899999999999,120.918,1.10436,1.74898,1.4489,1.62179,1.87954,1.6791,1.27983,140.155,2.02681,0.8933,0.68083,74.54000000000001,1.0782,83.435,109.478,69.124,0.82826,0.63124,0.76205
2019.10.28 19:32:00,1.11009,1.28612,0.68425,0.6343299999999999,1.30538,0.99501,108.948,0.86286,120.917,1.10433,1.74897,1.44899,1.62173,1.87933,1.679,1.27977,140.132,2.02666,0.89337,0.68084,74.545,1.07829,83.43899999999999,109.481,69.124,0.82823,0.63121,0.76201
2019.10.28 19:31:00,1.1101,1.28602,0.68425,0.63441,1.30532,0.99505,108.947,0.86281,120.919,1.10444,1.74904,1.44896,1.62169,1.87918,1.679,1.27966,140.124,2.02698,0.89331,0.68085,74.54600000000001,1.07831,83.43300000000001,109.481,69.122,0.82827,0.63122,0.76207
2019.10.28 19:30:00,1.1102,1.28618,0.68426,0.63446,1.30523,0.9951,108.944,0.86264,120.917,1.10443,1.74917,1.44884,1.62176,1.87938,1.67909,1.27991,140.114,2.02737,0.89329,0.68089,74.544,1.07831,83.435,109.471,69.11499999999999,0.82823,0.63125,0.76213
2019.10.28 19:29:00,1.11015,1.28637,0.68435,0.63439,1.30531,0.99505,108.946,0.86255,120.928,1.10455,1.74921,1.44902,1.62169,1.87961,1.67925,1.28012,140.128,2.02762,0.89338,0.68094,74.545,1.07843,83.44,109.469,69.121,0.8280999999999999,0.63121,0.76213
2019.10.28 19:28:00,1.11016,1.2867,0.68438,0.63439,1.30538,0.99498,108.941,0.86263,120.932,1.10455,1.74922,1.44906,1.6217,1.87976,1.67963,1.28041,140.152,2.02745,0.89336,0.681,74.553,1.07844,83.44,109.468,69.123,0.8282,0.63127,0.76211
2019.10.28 19:27:00,1.11,1.2867,0.68429,0.63429,1.30553,0.99501,108.936,0.86272,120.922,1.10445,1.74917,1.44875,1.62178,1.87973,1.67952,1.2803,140.182,2.02736,0.89318,0.68096,74.55200000000001,1.07839,83.44,109.471,69.11799999999999,0.82821,0.63126,0.76219
2019.10.28 19:26:00,1.1099,1.28643,0.68429,0.63413,1.30562,0.99498,108.939,0.86268,120.923,1.10441,1.74919,1.44884,1.62173,1.8796,1.67908,1.28005,140.172,2.02734,0.89324,0.6808999999999999,74.545,1.07838,83.45,109.472,69.119,0.82805,0.63121,0.76212
2019.10.28 19:25:00,1.10985,1.28645,0.6841699999999999,0.63412,1.30572,0.99499,108.941,0.86275,120.925,1.10439,1.74939,1.44889,1.62176,1.87963,1.67919,1.28004,140.149,2.02742,0.89315,0.68088,74.54600000000001,1.07837,83.446,109.476,69.11199999999999,0.8280999999999999,0.63119,0.76209
2019.10.28 19:24:00,1.1098,1.28632,0.68391,0.63407,1.3057,0.9951100000000001,108.947,0.86274,120.921,1.10436,1.74953,1.44886,1.622,1.87976,1.67909,1.27992,140.153,2.02763,0.89292,0.68077,74.538,1.07837,83.44499999999999,109.48,69.101,0.82802,0.6311,0.76208
2019.10.28 19:23:00,1.10977,1.28613,0.68384,0.6341,1.30571,0.99509,108.958,0.86283,120.918,1.10436,1.74965,1.44898,1.62236,1.8802,1.67906,1.27988,140.146,2.02751,0.8928700000000001,0.68059,74.518,1.07821,83.44199999999999,109.48,69.096,0.82792,0.63102,0.76202
2019.10.28 19:22:00,1.10975,1.28605,0.68374,0.63411,1.30573,0.99516,108.952,0.8628400000000001,120.919,1.10441,1.74972,1.44906,1.6226,1.88029,1.67905,1.27978,140.138,2.02759,0.89279,0.6805,74.504,1.07812,83.434,109.475,69.096,0.82797,0.631,0.76201
2019.10.28 19:21:00,1.10981,1.286,0.6837299999999999,0.63405,1.30564,0.99513,108.958,0.8628400000000001,120.923,1.10437,1.74967,1.44905,1.62281,1.8805,1.67912,1.27982,140.122,2.02753,0.89279,0.68045,74.496,1.07804,83.432,109.473,69.099,0.82797,0.631,0.762
2019.10.28 19:20:00,1.1098,1.28599,0.68366,0.634,1.30564,0.99503,108.961,0.86282,120.925,1.10425,1.7496,1.44903,1.6228,1.88047,1.6791,1.2798,140.125,2.02751,0.89271,0.68042,74.499,1.07801,83.434,109.48,69.102,0.82798,0.631,0.76192
2019.10.28 19:19:00,1.10984,1.28601,0.68364,0.63395,1.30555,0.99502,108.964,0.86282,120.919,1.10421,1.74969,1.44899,1.62294,1.8807,1.67914,1.27968,140.129,2.02764,0.89267,0.68029,74.492,1.07786,83.435,109.493,69.09399999999999,0.82801,0.6309399999999999,0.76191
2019.10.28 19:18:00,1.10979,1.28596,0.68365,0.63391,1.30555,0.99497,108.962,0.86282,120.917,1.10415,1.74989,1.44891,1.62297,1.88073,1.67908,1.27962,140.134,2.02784,0.89264,0.68025,74.48999999999999,1.07794,83.435,109.493,69.08799999999999,0.82794,0.63087,0.7619
2019.10.28 19:17:00,1.10995,1.28599,0.68365,0.63391,1.30554,0.99499,108.958,0.86283,120.918,1.1042,1.75003,1.44893,1.62297,1.8807,1.67901,1.27956,140.128,2.02803,0.89264,0.68022,74.488,1.07805,83.437,109.496,69.08,0.82781,0.63079,0.76193
2019.10.28 19:16:00,1.11005,1.28601,0.68365,0.63393,1.30554,0.995,108.958,0.86289,120.925,1.10419,1.75013,1.44883,1.62298,1.88076,1.67907,1.27965,140.128,2.02796,0.89259,0.68024,74.48699999999999,1.07815,83.43600000000001,109.491,69.083,0.82772,0.63075,0.7619899999999999
2019.10.28 19:15:00,1.1099,1.28585,0.68368,0.63398,1.30554,0.99504,108.968,0.86287,120.926,1.10424,1.75013,1.44881,1.62296,1.88051,1.67872,1.27947,140.129,2.028,0.89262,0.68026,74.494,1.07821,83.45,109.501,69.084,0.82764,0.6307199999999999,0.76203
2019.10.28 19:14:00,1.10991,1.2859,0.68377,0.63397,1.30546,0.99503,108.969,0.86313,120.942,1.10433,1.75025,1.44894,1.62288,1.88052,1.67882,1.2796,140.122,2.02748,0.89273,0.68031,74.499,1.07824,83.45,109.499,69.087,0.82764,0.63074,0.76201
2019.10.28 19:13:00,1.10987,1.28561,0.6837800000000001,0.634,1.30546,0.99513,108.973,0.8632300000000001,120.938,1.10445,1.75011,1.44894,1.62281,1.87982,1.6784,1.27928,140.13,2.0271,0.89273,0.6803900000000001,74.51000000000001,1.07835,83.455,109.503,69.092,0.82766,0.63075,0.7621
2019.10.28 19:12:00,1.10971,1.28545,0.68375,0.634,1.30552,0.99512,108.969,0.8631,120.931,1.10442,1.75009,1.44889,1.6228,1.87959,1.67821,1.27926,140.104,2.02739,0.89271,0.68046,74.509,1.07826,83.45099999999999,109.488,69.08799999999999,0.82772,0.63087,0.76209
2019.10.28 19:11:00,1.10975,1.28564,0.68376,0.63397,1.30548,0.99512,108.965,0.86315,120.94,1.10444,1.75002,1.44885,1.62282,1.87995,1.67849,1.27944,140.08,2.02715,0.89266,0.68043,74.504,1.07824,83.44799999999999,109.485,69.095,0.8277099999999999,0.63087,0.76214
2019.10.28 19:10:00,1.10971,1.28559,0.68377,0.63411,1.30547,0.99509,108.97,0.86308,120.937,1.10438,1.74996,1.44879,1.62284,1.87983,1.67828,1.27939,140.097,2.02733,0.89268,0.68044,74.508,1.07821,83.45699999999999,109.49,69.095,0.8277,0.63087,0.76212
2019.10.28 19:09:00,1.10971,1.28564,0.6837800000000001,0.6342,1.30548,0.99512,108.971,0.86315,120.935,1.10438,1.75002,1.44883,1.62273,1.87987,1.67835,1.2794,140.098,2.02715,0.89273,0.68045,74.51000000000001,1.07825,83.459,109.494,69.092,0.8277099999999999,0.63087,0.7621
2019.10.28 19:08:00,1.10969,1.28549,0.68388,0.63418,1.3055,0.99499,108.97,0.86312,120.931,1.10423,1.74961,1.44879,1.6227,1.87966,1.67821,1.27927,140.105,2.0268,0.89284,0.68047,74.51000000000001,1.07831,83.453,109.492,69.10599999999999,0.82772,0.63086,0.76202
2019.10.28 19:07:00,1.10965,1.28558,0.68389,0.63413,1.30547,0.995,108.968,0.86294,120.932,1.10428,1.74945,1.44885,1.62245,1.8795,1.6783,1.27918,140.085,2.02707,0.89283,0.68049,74.52,1.0782,83.45399999999999,109.503,69.113,0.8278799999999999,0.63093,0.7620400000000001
2019.10.28 19:06:00,1.10967,1.28591,0.68388,0.63401,1.30549,0.995,108.963,0.86287,120.926,1.10423,1.74941,1.44878,1.62251,1.87995,1.67871,1.27955,140.094,2.02718,0.89283,0.6805,74.518,1.07809,83.452,109.498,69.11199999999999,0.82797,0.631,0.7620400000000001
2019.10.28 19:05:00,1.10968,1.28591,0.68385,0.63401,1.30548,0.99503,108.965,0.86288,120.926,1.10421,1.74949,1.44874,1.62244,1.87997,1.67875,1.27953,140.123,2.02726,0.89281,0.68049,74.518,1.07812,83.452,109.499,69.10899999999999,0.82796,0.6309900000000001,0.7620400000000001
2019.10.28 19:04:00,1.10966,1.28586,0.68365,0.63401,1.30538,0.9951100000000001,108.971,0.8629599999999999,120.93,1.10425,1.74974,1.44866,1.62244,1.88,1.67869,1.27952,140.125,2.0274,0.89253,0.68047,74.51900000000001,1.07814,83.455,109.501,69.09999999999999,0.8279,0.6309399999999999,0.76211
2019.10.28 19:03:00,1.10966,1.2857,0.68364,0.63407,1.30539,0.99513,108.977,0.86295,120.929,1.10426,1.74971,1.44866,1.62286,1.88037,1.67847,1.2795,140.128,2.02736,0.89254,0.68033,74.5,1.07802,83.461,109.5,69.09999999999999,0.82773,0.63088,0.76211
2019.10.28 19:02:00,1.10977,1.28569,0.68369,0.63408,1.30544,0.9951100000000001,108.978,0.863,120.932,1.10428,1.7498,1.44869,1.62284,1.88032,1.67845,1.27949,140.117,2.02728,0.89259,0.68033,74.501,1.07804,83.461,109.5,69.09999999999999,0.82773,0.63088,0.76211
2019.10.28 19:01:00,1.10977,1.28563,0.68374,0.63412,1.30544,0.99494,108.978,0.86302,120.92,1.10402,1.74949,1.44847,1.62279,1.88015,1.67838,1.27943,140.118,2.02688,0.89258,0.68036,74.506,1.07809,83.461,109.5,69.10599999999999,0.82773,0.63089,0.76205
2019.10.28 19:00:00,1.10975,1.28553,0.68376,0.63415,1.30545,0.99501,108.974,0.86304,120.926,1.10411,1.74951,1.44851,1.62256,1.87982,1.6781,1.27907,140.113,2.02686,0.89261,0.68031,74.509,1.07805,83.465,109.515,69.10899999999999,0.8277600000000001,0.63084,0.7621
2019.10.28 18:59:00,1.10977,1.28551,0.68379,0.63415,1.30547,0.995,108.978,0.86297,120.924,1.10413,1.74948,1.44863,1.62255,1.8798,1.67809,1.27913,140.096,2.02695,0.89269,0.68037,74.514,1.07808,83.468,109.512,69.107,0.82777,0.6309,0.76206
2019.10.28 18:58:00,1.10973,1.28565,0.68379,0.63413,1.30555,0.99497,108.971,0.86299,120.928,1.10417,1.74955,1.44869,1.62253,1.87989,1.67834,1.27929,140.099,2.02702,0.89268,0.6804,74.512,1.07808,83.45999999999999,109.506,69.107,0.82785,0.63093,0.76205
2019.10.28 18:57:00,1.10971,1.2857,0.68379,0.63407,1.30557,0.99493,108.969,0.8629,120.915,1.10401,1.74934,1.44856,1.62263,1.87993,1.67837,1.27931,140.106,2.027,0.89269,0.68037,74.511,1.07808,83.45999999999999,109.506,69.108,0.82783,0.63092,0.762
2019.10.28 18:56:00,1.1097,1.28571,0.68379,0.63408,1.30555,0.99495,108.968,0.8630100000000001,120.916,1.10409,1.74941,1.44866,1.62246,1.87994,1.6784,1.27926,140.11,2.02686,0.8927,0.6803399999999999,74.509,1.07805,83.456,109.509,69.10599999999999,0.82786,0.6309,0.762
2019.10.28 18:55:00,1.10976,1.28563,0.68376,0.6341,1.30548,0.99497,108.964,0.86305,120.913,1.1041,1.74944,1.4487,1.62253,1.87982,1.67833,1.27919,140.109,2.02675,0.89272,0.68036,74.50700000000001,1.07805,83.452,109.504,69.102,0.82789,0.63092,0.76198
2019.10.28 18:54:00,1.10969,1.28551,0.68368,0.63424,1.30538,0.995,108.963,0.86295,120.918,1.10409,1.74954,1.44868,1.62259,1.87976,1.67831,1.27912,140.092,2.02712,0.89262,0.68035,74.504,1.07803,83.447,109.498,69.10299999999999,0.82791,0.63092,0.76198
2019.10.28 18:53:00,1.10963,1.28564,0.68366,0.6342100000000001,1.30539,0.99496,108.973,0.86278,120.913,1.10406,1.74954,1.44868,1.62272,1.88017,1.6785,1.27929,140.081,2.02749,0.89258,0.68028,74.501,1.078,83.45399999999999,109.507,69.098,0.82785,0.63087,0.76198
2019.10.28 18:52:00,1.1096,1.28589,0.68367,0.6342100000000001,1.30545,0.99505,108.964,0.86276,120.913,1.10413,1.74943,1.44856,1.62279,1.8806,1.67878,1.27947,140.108,2.02738,0.89256,0.68025,74.49299999999999,1.07798,83.44799999999999,109.501,69.10299999999999,0.82785,0.63087,0.76209
2019.10.28 18:51:00,1.10958,1.28586,0.68388,0.6342,1.30555,0.99496,108.969,0.86282,120.914,1.1041,1.74913,1.44853,1.62269,1.88046,1.67865,1.27958,140.122,2.02697,0.89275,0.68032,74.497,1.07797,83.45699999999999,109.497,69.11499999999999,0.82782,0.6309399999999999,0.76207
2019.10.28 18:50:00,1.10961,1.28589,0.68384,0.63415,1.30554,0.99497,108.963,0.86297,120.911,1.10414,1.74925,1.44861,1.62231,1.87996,1.67855,1.27947,140.127,2.02679,0.89272,0.68046,74.51600000000001,1.07801,83.45699999999999,109.5,69.10899999999999,0.82794,0.63102,0.76207
2019.10.28 18:49:00,1.10954,1.28569,0.68379,0.63415,1.30557,0.99498,108.958,0.86294,120.913,1.10421,1.74938,1.44877,1.6225,1.87986,1.67832,1.27927,140.121,2.02698,0.89268,0.68042,74.50700000000001,1.07798,83.45099999999999,109.494,69.105,0.82794,0.63101,0.76203
2019.10.28 18:48:00,1.10957,1.28585,0.68376,0.63414,1.30556,0.99498,108.952,0.8628,120.91,1.10422,1.74935,1.44884,1.62271,1.8802,1.6786,1.27945,140.091,2.02726,0.89272,0.68037,74.498,1.07789,83.444,109.488,69.104,0.82798,0.631,0.7619899999999999
2019.10.28 18:47:00,1.10961,1.28601,0.68368,0.63417,1.30562,0.99505,108.952,0.86276,120.91,1.10423,1.74942,1.44877,1.62271,1.88051,1.67898,1.27962,140.102,2.02745,0.8925999999999999,0.68036,74.496,1.07789,83.438,109.488,69.102,0.82802,0.631,0.76205
2019.10.28 18:46:00,1.10966,1.28599,0.68368,0.63417,1.30563,0.99516,108.957,0.86277,120.915,1.10433,1.7494,1.44876,1.62283,1.88073,1.67892,1.27968,140.119,2.02742,0.89262,0.68031,74.491,1.07784,83.44199999999999,109.485,69.105,0.82796,0.631,0.76211
2019.10.28 18:45:00,1.10955,1.28597,0.68369,0.6342,1.30566,0.9952800000000001,108.963,0.8627899999999999,120.917,1.10437,1.74926,1.44863,1.6228,1.8807,1.67892,1.27981,140.126,2.02717,0.89263,0.6803900000000001,74.495,1.07784,83.446,109.48,69.11199999999999,0.82794,0.63106,0.7622
2019.10.28 18:44:00,1.10961,1.28583,0.6837299999999999,0.6341599999999999,1.30567,0.99529,108.974,0.8626,120.918,1.10438,1.74919,1.44869,1.62262,1.88048,1.67875,1.27982,140.131,2.02756,0.89272,0.68048,74.503,1.07787,83.45399999999999,109.478,69.116,0.82794,0.63113,0.76218
2019.10.28 18:43:00,1.1096,1.28612,0.68375,0.6342100000000001,1.30555,0.99527,108.976,0.86251,120.929,1.10432,1.74915,1.44867,1.62254,1.8807,1.67916,1.28013,140.13,2.02767,0.89275,0.68053,74.508,1.07787,83.453,109.478,69.123,0.82801,0.6311600000000001,0.7621599999999999
2019.10.28 18:42:00,1.10956,1.28618,0.68375,0.63413,1.30566,0.99525,108.988,0.86254,120.926,1.1043,1.74901,1.44861,1.62244,1.88076,1.67928,1.28016,140.161,2.02749,0.89275,0.68054,74.518,1.07791,83.459,109.492,69.113,0.82803,0.63114,0.76211
2019.10.28 18:41:00,1.10958,1.28616,0.68376,0.63415,1.30555,0.9952800000000001,108.984,0.86272,120.929,1.10435,1.74913,1.44866,1.62233,1.88066,1.67929,1.28006,140.186,2.02722,0.89279,0.6805,74.51300000000001,1.07785,83.452,109.482,69.111,0.82798,0.63115,0.76214
2019.10.28 18:40:00,1.10953,1.28593,0.68379,0.6341599999999999,1.30564,0.99518,108.985,0.86259,120.928,1.10436,1.74922,1.44876,1.62234,1.88033,1.67901,1.27988,140.181,2.0276,0.89277,0.68053,74.515,1.07795,83.45,109.477,69.12,0.82794,0.63114,0.76213
2019.10.28 18:39:00,1.1096,1.28623,0.68379,0.63415,1.30571,0.99519,108.974,0.86252,120.922,1.10429,1.74927,1.44877,1.62253,1.88075,1.67927,1.28009,140.156,2.02787,0.8928199999999999,0.68052,74.514,1.07792,83.455,109.49,69.113,0.82805,0.63113,0.76208
2019.10.28 18:38:00,1.10963,1.28626,0.6838,0.63412,1.30582,0.99544,108.978,0.8624000000000001,120.93,1.10456,1.74929,1.44864,1.6225,1.88077,1.6794,1.28015,140.174,2.0281,0.89276,0.68054,74.515,1.07802,83.45099999999999,109.491,69.11799999999999,0.828,0.63107,0.76234
2019.10.28 18:37:00,1.10972,1.28643,0.68379,0.63396,1.30592,0.9954499999999999,108.984,0.86229,120.939,1.10457,1.74921,1.44873,1.62247,1.881,1.67949,1.28061,140.179,2.02828,0.89281,0.6807,74.521,1.07803,83.464,109.47,69.126,0.82794,0.63123,0.76229
2019.10.28 18:36:00,1.1097,1.28657,0.68368,0.63398,1.3058,0.99546,108.991,0.86234,120.947,1.10458,1.74915,1.44873,1.62247,1.88128,1.67983,1.28077,140.208,2.02812,0.89271,0.6807,74.527,1.078,83.462,109.476,69.119,0.82804,0.63126,0.76224
2019.10.28 18:35:00,1.10964,1.28653,0.68365,0.6339399999999999,1.30574,0.99557,108.997,0.86242,120.931,1.10457,1.74905,1.44866,1.62256,1.88146,1.67985,1.28071,140.231,2.02777,0.89275,0.68057,74.515,1.07775,83.45699999999999,109.472,69.114,0.82799,0.63125,0.76227
2019.10.28 18:34:00,1.10962,1.28622,0.68346,0.63396,1.30575,0.99557,108.997,0.86248,120.925,1.10451,1.74943,1.44879,1.62246,1.88104,1.67956,1.28055,140.238,2.0281,0.89258,0.68062,74.511,1.07778,83.45,109.457,69.10899999999999,0.828,0.63127,0.7622
2019.10.28 18:33:00,1.10952,1.28609,0.68347,0.63398,1.30583,0.99556,108.999,0.86263,120.929,1.10447,1.74936,1.44862,1.62291,1.88141,1.67951,1.28043,140.203,2.02769,0.89251,0.68045,74.495,1.07779,83.45099999999999,109.471,69.114,0.82796,0.63113,0.76228
2019.10.28 18:32:00,1.10952,1.28582,0.68344,0.63398,1.30583,0.9956,109.006,0.86277,120.927,1.10452,1.74943,1.44859,1.62284,1.88103,1.67902,1.28014,140.19,2.02745,0.89244,0.68046,74.501,1.07779,83.465,109.479,69.111,0.82789,0.63114,0.76235
2019.10.28 18:31:00,1.10949,1.2856,0.68344,0.63401,1.30583,0.99538,109.006,0.86283,120.928,1.10436,1.74955,1.44868,1.6229,1.88081,1.67867,1.28002,140.17,2.02745,0.89244,0.68046,74.498,1.0778,83.46599999999999,109.474,69.108,0.82781,0.63113,0.76218
2019.10.28 18:30:00,1.10949,1.28564,0.68344,0.63406,1.30591,0.99549,108.998,0.86285,120.922,1.10444,1.7494,1.44871,1.62304,1.88086,1.67869,1.27977,140.143,2.02723,0.89249,0.68032,74.49299999999999,1.07775,83.45999999999999,109.489,69.111,0.82784,0.63102,0.76222
2019.10.28 18:29:00,1.10952,1.28554,0.68346,0.63407,1.306,0.9956,108.999,0.86291,120.908,1.10446,1.74927,1.4486,1.62298,1.88072,1.67868,1.27981,140.14,2.02692,0.89251,0.6804,74.492,1.07772,83.455,109.477,69.107,0.82792,0.63112,0.7623
2019.10.28 18:28:00,1.10962,1.28534,0.68345,0.63415,1.30608,0.99558,108.994,0.86288,120.916,1.10448,1.74929,1.44862,1.62281,1.88037,1.67842,1.27973,140.13,2.02707,0.8925,0.68047,74.48999999999999,1.07775,83.452,109.462,69.111,0.82792,0.63118,0.76227
2019.10.28 18:27:00,1.10954,1.28547,0.68348,0.6342100000000001,1.30607,0.99563,108.996,0.86303,120.916,1.10458,1.74925,1.44877,1.62288,1.88059,1.67857,1.27984,140.102,2.02663,0.8925999999999999,0.68046,74.492,1.07772,83.456,109.466,69.113,0.82795,0.63119,0.76226
2019.10.28 18:26:00,1.10954,1.28527,0.68353,0.6342,1.30599,0.99565,108.992,0.8627899999999999,120.912,1.1046,1.74919,1.44888,1.62287,1.88025,1.67845,1.27971,140.118,2.02709,0.89274,0.68052,74.49299999999999,1.07771,83.446,109.456,69.113,0.82806,0.63124,0.76222
2019.10.28 18:25:00,1.10954,1.28564,0.68355,0.63424,1.30598,0.99573,108.989,0.86304,120.928,1.10476,1.74904,1.44906,1.62275,1.88064,1.67905,1.28009,140.092,2.02639,0.89281,0.68059,74.496,1.07773,83.438,109.451,69.126,0.82814,0.63129,0.76224
2019.10.28 18:24:00,1.10955,1.28533,0.68357,0.63434,1.30597,0.99569,108.997,0.86304,120.926,1.10465,1.74879,1.44897,1.62278,1.88014,1.67874,1.27992,140.128,2.02609,0.8928199999999999,0.68066,74.503,1.07762,83.438,109.449,69.13500000000001,0.8283,0.63142,0.76222
2019.10.28 18:23:00,1.10941,1.28525,0.68359,0.63434,1.30598,0.99563,109,0.86294,120.92,1.10464,1.74892,1.44896,1.6227,1.87992,1.67862,1.27976,140.105,2.02641,0.89279,0.68063,74.50700000000001,1.07755,83.441,109.457,69.127,0.82834,0.63145,0.76222
2019.10.28 18:22:00,1.10935,1.28546,0.68362,0.63435,1.30608,0.99563,108.988,0.86281,120.915,1.10464,1.74882,1.44897,1.62272,1.88017,1.6788,1.27989,140.098,2.02664,0.89284,0.68062,74.502,1.07761,83.43899999999999,109.454,69.129,0.82831,0.6314,0.7622100000000001
2019.10.28 18:21:00,1.1093,1.28566,0.68367,0.6341,1.30622,0.99549,108.985,0.86282,120.921,1.10462,1.74873,1.44911,1.62263,1.88032,1.67908,1.28009,140.108,2.02649,0.8929,0.68065,74.503,1.0776,83.435,109.452,69.134,0.82836,0.63142,0.76213
2019.10.28 18:20:00,1.10931,1.28581,0.68366,0.63412,1.30624,0.9956,108.977,0.8627899999999999,120.927,1.1047,1.74864,1.44909,1.62271,1.88041,1.67923,1.28007,140.127,2.02651,0.89288,0.68062,74.503,1.07751,83.43000000000001,109.457,69.139,0.82845,0.63144,0.7622100000000001
2019.10.28 18:19:00,1.1094,1.28584,0.68366,0.63422,1.30621,0.99563,108.983,0.86271,120.908,1.10471,1.74857,1.44913,1.6227,1.8805,1.67927,1.28021,140.131,2.02657,0.89295,0.68066,74.506,1.07745,83.435,109.454,69.134,0.8284899999999999,0.63151,0.7621599999999999
2019.10.28 18:18:00,1.10935,1.28588,0.68353,0.63431,1.30624,0.99579,108.973,0.86265,120.884,1.10463,1.74889,1.44897,1.62263,1.88059,1.67947,1.28032,140.144,2.02708,0.8929,0.6807,74.499,1.07745,83.42100000000001,109.438,69.108,0.8285400000000001,0.63154,0.76222
2019.10.28 18:17:00,1.10925,1.28566,0.68354,0.63458,1.30624,0.99585,108.976,0.86252,120.901,1.10478,1.74896,1.44908,1.62254,1.88066,1.67937,1.2803,140.134,2.02747,0.89291,0.68069,74.488,1.07769,83.414,109.425,69.114,0.8283199999999999,0.6314,0.76224
2019.10.28 18:16:00,1.10929,1.28596,0.68362,0.63454,1.30636,0.99592,108.982,0.86244,120.905,1.10483,1.74863,1.44904,1.62264,1.88097,1.67974,1.28067,140.114,2.0273,0.893,0.6807299999999999,74.492,1.07769,83.417,109.424,69.129,0.82834,0.63145,0.76231
2019.10.28 18:15:00,1.10934,1.28606,0.68363,0.6343299999999999,1.30627,0.99599,108.989,0.8626,120.903,1.10484,1.74834,1.44899,1.62241,1.8809,1.67986,1.28085,140.152,2.02658,0.89301,0.68086,74.506,1.07764,83.42400000000001,109.421,69.14100000000001,0.82846,0.6316000000000001,0.76235
2019.10.28 18:14:00,1.10933,1.28575,0.6838,0.63426,1.30627,0.99582,108.993,0.86255,120.906,1.10476,1.74773,1.44914,1.62233,1.88044,1.67946,1.28064,140.172,2.02605,0.89325,0.68091,74.508,1.0775,83.42400000000001,109.417,69.167,0.82858,0.63173,0.76222
2019.10.28 18:13:00,1.10941,1.28597,0.68381,0.63413,1.30645,0.99607,108.985,0.86261,120.912,1.10486,1.74759,1.44904,1.62208,1.88028,1.67982,1.28065,140.143,2.02569,0.89333,0.68096,74.52200000000001,1.0773,83.419,109.43,69.178,0.82896,0.6319,0.76235
2019.10.28 18:12:00,1.10935,1.28566,0.6839,0.63422,1.30654,0.99601,109.009,0.8625699999999999,120.947,1.10488,1.74831,1.44906,1.62182,1.87977,1.6795,1.28067,140.161,2.02657,0.8934,0.68114,74.539,1.07738,83.43000000000001,109.424,69.16800000000001,0.8289800000000001,0.632,0.76235
2019.10.28 18:11:00,1.10941,1.28582,0.68379,0.63428,1.30632,0.99591,109.03,0.86274,120.931,1.10479,1.74852,1.44908,1.62171,1.87984,1.67965,1.28073,140.155,2.02653,0.8932600000000001,0.68118,74.563,1.07789,83.452,109.455,69.151,0.82864,0.63173,0.76227
2019.10.28 18:10:00,1.10941,1.28561,0.68367,0.63431,1.30642,0.99582,109.013,0.86273,120.891,1.10459,1.74872,1.44915,1.622,1.87981,1.67937,1.28042,140.2,2.0267,0.8932099999999999,0.68102,74.541,1.07784,83.43899999999999,109.448,69.119,0.82856,0.63165,0.76211
2019.10.28 18:09:00,1.10954,1.28553,0.68362,0.63425,1.30643,0.99578,108.989,0.8625699999999999,120.883,1.10452,1.74841,1.44921,1.62214,1.87992,1.67948,1.28019,140.157,2.02675,0.89319,0.68084,74.511,1.07787,83.408,109.435,69.126,0.8284899999999999,0.63144,0.76201
2019.10.28 18:08:00,1.10951,1.28573,0.68357,0.63439,1.30629,0.99546,108.981,0.86244,120.89,1.10429,1.74845,1.44913,1.62225,1.8805,1.67986,1.28036,140.116,2.02706,0.89301,0.68076,74.5,1.07762,83.398,109.431,69.129,0.82867,0.63152,0.7619
2019.10.28 18:07:00,1.10947,1.28605,0.68345,0.6343800000000001,1.3062,0.99549,108.977,0.8625,120.87,1.10429,1.74829,1.44918,1.62255,1.88104,1.67997,1.28024,140.127,2.02673,0.89292,0.68049,74.491,1.07743,83.408,109.461,69.123,0.82864,0.6313800000000001,0.76185
2019.10.28 18:06:00,1.10921,1.28591,0.68328,0.63437,1.30608,0.9955000000000001,108.962,0.86228,120.835,1.10425,1.74841,1.44914,1.62273,1.88119,1.67994,1.28016,140.156,2.02739,0.8927,0.68038,74.46899999999999,1.07721,83.39,109.443,69.09999999999999,0.82873,0.63144,0.76185
2019.10.28 18:05:00,1.10929,1.2862,0.6834,0.63445,1.30617,0.99552,108.934,0.86215,120.829,1.10427,1.748,1.44898,1.62308,1.88207,1.68033,1.28043,140.12,2.02721,0.89276,0.68023,74.432,1.07705,83.369,109.415,69.11199999999999,0.82865,0.63135,0.76196
2019.10.28 18:04:00,1.10928,1.28639,0.68338,0.63453,1.30609,0.99553,108.93,0.86205,120.83,1.10429,1.74802,1.44889,1.62283,1.88201,1.68038,1.28065,140.117,2.02748,0.89267,0.68035,74.44,1.07697,83.375,109.408,69.11,0.82874,0.63153,0.76202
2019.10.28 18:03:00,1.1092,1.28653,0.6833399999999999,0.63448,1.30618,0.9954499999999999,108.93,0.86208,120.839,1.10428,1.74822,1.44888,1.62289,1.88227,1.68046,1.28081,140.134,2.02763,0.89255,0.68033,74.438,1.07698,83.38,109.407,69.10899999999999,0.82867,0.63151,0.76201
2019.10.28 18:02:00,1.10932,1.2866,0.68338,0.63449,1.30609,0.9955000000000001,108.931,0.8620100000000001,120.832,1.10434,1.74799,1.44897,1.62306,1.88252,1.68042,1.28078,140.147,2.02757,0.89262,0.68025,74.435,1.07692,83.387,109.416,69.114,0.82859,0.63146,0.76201
2019.10.28 18:01:00,1.10914,1.28673,0.68336,0.6343800000000001,1.30593,0.99516,108.924,0.86203,120.825,1.10402,1.74779,1.44892,1.62302,1.8826,1.68067,1.28098,140.158,2.02729,0.89258,0.68031,74.435,1.07684,83.378,109.403,69.116,0.82874,0.63156,0.7618
2019.10.28 18:00:00,1.10923,1.28671,0.68329,0.63443,1.30594,0.9952299999999999,108.914,0.86187,120.815,1.10403,1.74789,1.44894,1.62307,1.88259,1.68054,1.28055,140.163,2.02775,0.89254,0.68008,74.426,1.07671,83.376,109.429,69.108,0.8288,0.63143,0.7618
2019.10.28 17:59:00,1.10925,1.28686,0.68329,0.63439,1.30618,0.9951,108.911,0.86174,120.809,1.10388,1.74777,1.44882,1.62315,1.88297,1.68089,1.28078,140.147,2.02794,0.89247,0.68005,74.416,1.0767,83.367,109.421,69.107,0.82877,0.63141,0.76176
2019.10.28 17:58:00,1.10914,1.28702,0.68326,0.6344,1.30598,0.99547,108.906,0.86164,120.779,1.10399,1.74766,1.44828,1.62315,1.88329,1.68096,1.28077,140.161,2.02803,0.89233,0.67997,74.413,1.07668,83.36799999999999,109.43,69.096,0.8287600000000001,0.63136,0.76213
2019.10.28 17:57:00,1.10914,1.28686,0.68327,0.63428,1.30599,0.99566,108.907,0.86155,120.783,1.10421,1.74751,1.44827,1.62281,1.88309,1.68055,1.28107,140.17,2.02802,0.89234,0.68019,74.411,1.07678,83.379,109.39,69.105,0.82851,0.63149,0.76227
2019.10.28 17:56:00,1.10925,1.28694,0.68321,0.63425,1.30599,0.99548,108.914,0.86174,120.786,1.10402,1.74766,1.44855,1.62276,1.88319,1.6807,1.28142,140.155,2.0278,0.8924299999999999,0.6803399999999999,74.41500000000001,1.07673,83.384,109.376,69.101,0.82858,0.63165,0.762
2019.10.28 17:55:00,1.10921,1.28674,0.68325,0.63427,1.30589,0.9952299999999999,108.914,0.86178,120.777,1.10377,1.74765,1.44838,1.62293,1.88307,1.68069,1.28096,140.172,2.02773,0.89236,0.68014,74.40900000000001,1.07672,83.36799999999999,109.396,69.09399999999999,0.82865,0.63148,0.76194
2019.10.28 17:54:00,1.10918,1.28672,0.68319,0.63431,1.30581,0.99527,108.899,0.86177,120.776,1.10382,1.74801,1.44842,1.62288,1.88291,1.68046,1.28065,140.147,2.02814,0.89229,0.68003,74.404,1.07674,83.371,109.411,69.08,0.82858,0.63135,0.76194
2019.10.28 17:53:00,1.10917,1.28673,0.6831700000000001,0.63428,1.3059,0.9952800000000001,108.898,0.86181,120.777,1.10388,1.74815,1.44848,1.62302,1.8831,1.68047,1.28067,140.128,2.02819,0.8922600000000001,0.67999,74.39700000000001,1.07686,83.36799999999999,109.404,69.075,0.82842,0.63126,0.76195
2019.10.28 17:52:00,1.10917,1.28673,0.68318,0.63425,1.30583,0.9952800000000001,108.895,0.86168,120.776,1.10383,1.74806,1.4483,1.62315,1.88314,1.68042,1.28069,140.127,2.02833,0.89219,0.67996,74.393,1.07685,83.366,109.399,69.08,0.8283700000000001,0.63123,0.7619899999999999
2019.10.28 17:51:00,1.10925,1.28683,0.68313,0.63434,1.30582,0.99531,108.9,0.86183,120.772,1.10387,1.74795,1.44822,1.62308,1.88329,1.68046,1.28079,140.124,2.02788,0.89206,0.67996,74.396,1.07682,83.376,109.404,69.08199999999999,0.82834,0.63126,0.76208
2019.10.28 17:50:00,1.10927,1.28663,0.68309,0.63424,1.30586,0.99537,108.896,0.86186,120.774,1.1039,1.748,1.44827,1.62323,1.88317,1.68011,1.28064,140.14,2.02794,0.89209,0.67994,74.38800000000001,1.0767,83.378,109.397,69.08199999999999,0.82834,0.6313,0.76206
2019.10.28 17:49:00,1.10929,1.28661,0.68308,0.63423,1.30566,0.99537,108.9,0.86188,120.788,1.10401,1.7482,1.44832,1.62323,1.88313,1.68016,1.28069,140.114,2.02811,0.89202,0.67996,74.387,1.07669,83.376,109.395,69.08,0.82835,0.63131,0.76212
2019.10.28 17:48:00,1.10923,1.28664,0.68316,0.634,1.30586,0.99536,108.904,0.86168,120.8,1.10409,1.74814,1.44846,1.62341,1.88329,1.6801,1.28072,140.118,2.02853,0.89212,0.67994,74.38800000000001,1.07674,83.384,109.398,69.09099999999999,0.82826,0.63128,0.76211
2019.10.28 17:47:00,1.10921,1.28706,0.68309,0.63393,1.30587,0.99529,108.905,0.8618,120.777,1.10389,1.74817,1.44832,1.62336,1.88369,1.68064,1.28111,140.127,2.02824,0.89205,0.68001,74.398,1.07672,83.384,109.402,69.074,0.82836,0.63137,0.76203
2019.10.28 17:46:00,1.10893,1.28673,0.68309,0.63396,1.30588,0.9952800000000001,108.894,0.8617,120.782,1.10393,1.74836,1.44821,1.62335,1.88337,1.6803,1.28069,140.175,2.02872,0.89192,0.67988,74.383,1.07678,83.375,109.398,69.071,0.82828,0.63122,0.76215
2019.10.28 17:45:00,1.1089,1.28696,0.6830000000000001,0.63402,1.30587,0.9952800000000001,108.893,0.8617,120.759,1.10379,1.74877,1.44821,1.62343,1.8837,1.68031,1.28092,140.124,2.02919,0.89194,0.67989,74.383,1.07682,83.386,109.399,69.042,0.82812,0.6312,0.7620400000000001
2019.10.28 17:44:00,1.10893,1.28679,0.68299,0.63383,1.30588,0.9952800000000001,108.888,0.8619599999999999,120.766,1.10378,1.74892,1.44822,1.62344,1.88372,1.68034,1.28075,140.147,2.02876,0.89193,0.67981,74.37,1.07704,83.369,109.39,69.039,0.82796,0.63098,0.76201
2019.10.28 17:43:00,1.10898,1.28639,0.6830000000000001,0.63381,1.30586,0.99535,108.895,0.86205,120.768,1.10387,1.74886,1.44822,1.62347,1.88319,1.67987,1.28035,140.12,2.02848,0.89195,0.6797800000000001,74.373,1.07712,83.373,109.398,69.042,0.8278799999999999,0.63091,0.76208
2019.10.28 17:42:00,1.10899,1.28623,0.6830000000000001,0.63375,1.30613,0.9954,108.898,0.86211,120.76,1.10382,1.74853,1.44811,1.62343,1.88294,1.67966,1.2803,140.088,2.02795,0.89194,0.67985,74.375,1.07711,83.377,109.394,69.051,0.8279,0.63097,0.7621
2019.10.28 17:41:00,1.10903,1.28609,0.68288,0.63363,1.30609,0.99542,108.899,0.86211,120.753,1.10372,1.74891,1.44795,1.6233,1.88269,1.67943,1.28021,140.077,2.02839,0.89181,0.67987,74.377,1.07699,83.377,109.39,69.032,0.82799,0.63106,0.76211
2019.10.28 17:40:00,1.10898,1.28591,0.68282,0.63366,1.30599,0.99529,108.905,0.86211,120.759,1.10365,1.74905,1.44801,1.62337,1.88273,1.67926,1.28005,140.059,2.02859,0.89171,0.67976,74.367,1.07716,83.381,109.394,69.03100000000001,0.82774,0.63088,0.76201
2019.10.28 17:39:00,1.10899,1.286,0.68276,0.63358,1.30591,0.99532,108.904,0.86204,120.752,1.10369,1.74926,1.44833,1.62364,1.88305,1.67936,1.27997,140.046,2.02902,0.89181,0.67961,74.36,1.07708,83.381,109.408,69.018,0.8277,0.63078,0.7619
2019.10.28 17:38:00,1.10895,1.28615,0.68271,0.63368,1.30599,0.99537,108.896,0.862,120.747,1.10372,1.74947,1.44824,1.62382,1.88346,1.67987,1.28016,140.057,2.0293,0.89171,0.67958,74.348,1.07709,83.35899999999999,109.396,69.005,0.82779,0.63073,0.76196
2019.10.28 17:37:00,1.10905,1.28616,0.68277,0.6337699999999999,1.30603,0.9954499999999999,108.894,0.86207,120.742,1.10379,1.74934,1.44808,1.62389,1.8836,1.67982,1.28023,140.061,2.02894,0.89172,0.67957,74.34099999999999,1.07718,83.36,109.389,69.009,0.82762,0.63066,0.76209
2019.10.28 17:36:00,1.10916,1.28597,0.68275,0.63367,1.306,0.99541,108.894,0.86212,120.751,1.10382,1.74969,1.4481,1.62368,1.88318,1.67949,1.28016,140.06,2.0292,0.8916500000000001,0.67969,74.348,1.07721,83.366,109.38,69,0.8276,0.63075,0.76211
2019.10.28 17:35:00,1.10903,1.28598,0.6828,0.63368,1.30599,0.99535,108.893,0.86211,120.748,1.1037,1.74933,1.44815,1.62384,1.88328,1.6794,1.28012,140.042,2.02884,0.89174,0.67964,74.345,1.07733,83.37,109.383,69.012,0.82745,0.63065,0.76201
2019.10.28 17:34:00,1.1091,1.28598,0.6829,0.63368,1.30591,0.99522,108.893,0.86168,120.745,1.10368,1.74927,1.44835,1.6237,1.88309,1.67948,1.28003,140.043,2.02977,0.89192,0.67964,74.351,1.07722,83.36499999999999,109.39,69.01300000000001,0.82762,0.6307199999999999,0.76188
2019.10.28 17:33:00,1.10895,1.28675,0.68288,0.63387,1.30583,0.9952299999999999,108.882,0.86166,120.751,1.10369,1.74954,1.44829,1.62359,1.88389,1.68052,1.28065,140.041,2.03017,0.8918700000000001,0.67966,74.35299999999999,1.07725,83.35299999999999,109.392,69.008,0.82778,0.6307199999999999,0.76192
2019.10.28 17:32:00,1.10894,1.28677,0.68279,0.63386,1.30598,0.99527,108.887,0.8616200000000001,120.736,1.10358,1.74932,1.44809,1.62365,1.88399,1.68053,1.28071,140.109,2.02995,0.89175,0.67964,74.355,1.07734,83.36,109.396,69.00700000000001,0.82763,0.63064,0.76195
2019.10.28 17:31:00,1.10894,1.28664,0.6828,0.63385,1.30603,0.9953,108.887,0.86167,120.735,1.10365,1.74934,1.44802,1.62365,1.88411,1.68035,1.28061,140.12,2.02988,0.89171,0.67959,74.346,1.07725,83.36,109.391,69.005,0.82761,0.63067,0.76202
2019.10.28 17:30:00,1.10886,1.28659,0.68287,0.63381,1.30607,0.9952299999999999,108.885,0.86168,120.73,1.1036,1.74883,1.44795,1.62363,1.88394,1.68018,1.28061,140.107,2.02928,0.89173,0.67963,74.345,1.07726,83.364,109.388,69.023,0.82757,0.63068,0.76203
2019.10.28 17:29:00,1.10872,1.28664,0.68287,0.63375,1.30592,0.9952800000000001,108.878,0.86171,120.731,1.10363,1.74884,1.44811,1.62352,1.88383,1.6801,1.28056,140.097,2.02919,0.89184,0.67964,74.348,1.07708,83.364,109.388,69.02200000000001,0.82777,0.63083,0.76196
2019.10.28 17:28:00,1.1088,1.28656,0.68279,0.6337,1.30582,0.99538,108.879,0.86175,120.739,1.10378,1.74896,1.44824,1.62352,1.88375,1.6802,1.28053,140.093,2.02926,0.89178,0.67968,74.348,1.07705,83.354,109.383,69.02200000000001,0.82786,0.63086,0.762
2019.10.28 17:27:00,1.10881,1.28658,0.68275,0.63362,1.30588,0.9954,108.882,0.86211,120.731,1.10382,1.74912,1.4483,1.62374,1.88394,1.68029,1.28066,140.084,2.02861,0.89175,0.67967,74.343,1.07696,83.355,109.376,69.012,0.82786,0.63089,0.7619899999999999
2019.10.28 17:26:00,1.10878,1.28604,0.68269,0.63359,1.30601,0.99558,108.874,0.86192,120.745,1.10395,1.74913,1.44805,1.62388,1.88331,1.67964,1.28017,140.092,2.02907,0.89157,0.67964,74.33199999999999,1.07696,83.346,109.365,69.018,0.82783,0.63087,0.76222
2019.10.28 17:25:00,1.10873,1.28627,0.68269,0.6336000000000001,1.30596,0.99554,108.893,0.86192,120.751,1.10396,1.74937,1.44801,1.62392,1.88377,1.67977,1.2806,140.02,2.02934,0.89151,0.67969,74.339,1.07697,83.37,109.365,69.014,0.82766,0.63091,0.76226
2019.10.28 17:24:00,1.10881,1.28632,0.68265,0.6336000000000001,1.30596,0.99557,108.894,0.86178,120.763,1.10401,1.74961,1.44809,1.62399,1.88386,1.67967,1.28061,140.071,2.02995,0.8915,0.67967,74.339,1.07706,83.377,109.371,69.01000000000001,0.82755,0.63084,0.76225
2019.10.28 17:23:00,1.10879,1.28653,0.68264,0.63361,1.30611,0.99572,108.902,0.86164,120.737,1.104,1.74937,1.44802,1.6241,1.88426,1.68004,1.28088,140.081,2.03003,0.89158,0.67966,74.34,1.07711,83.378,109.374,69.003,0.82748,0.63079,0.76227
2019.10.28 17:22:00,1.1089,1.28656,0.6826,0.63362,1.3061,0.99568,108.896,0.8618400000000001,120.732,1.10392,1.74932,1.44793,1.62387,1.88434,1.68027,1.28111,140.112,2.02952,0.8915,0.67974,74.33499999999999,1.07713,83.364,109.351,69.003,0.8275400000000001,0.63086,0.76228
2019.10.28 17:21:00,1.10889,1.28623,0.6826,0.63363,1.30612,0.99568,108.894,0.8618400000000001,120.722,1.10388,1.74927,1.44786,1.62394,1.88395,1.67978,1.28071,140.109,2.02946,0.8914800000000001,0.67966,74.33,1.07706,83.36799999999999,109.356,69.001,0.82751,0.63083,0.76229
2019.10.28 17:20:00,1.10874,1.28618,0.68259,0.63364,1.30599,0.99575,108.892,0.86225,120.719,1.10402,1.74932,1.44808,1.62388,1.8839,1.67969,1.28067,140.072,2.02855,0.89157,0.67968,74.327,1.07706,83.36499999999999,109.351,68.997,0.82751,0.63083,0.76225
2019.10.28 17:19:00,1.10876,1.28563,0.6826,0.6336000000000001,1.30607,0.99566,108.884,0.86228,120.722,1.104,1.74946,1.44821,1.62397,1.88314,1.67916,1.28022,140.06,2.02859,0.89158,0.67971,74.321,1.07703,83.34999999999999,109.334,68.99299999999999,0.82761,0.6309,0.76218
2019.10.28 17:18:00,1.10878,1.2857,0.68257,0.63357,1.30597,0.99574,108.876,0.86242,120.716,1.10412,1.74938,1.44821,1.62405,1.88321,1.67924,1.28018,139.991,2.02817,0.89156,0.67965,74.31699999999999,1.07704,83.345,109.338,68.991,0.82762,0.63084,0.76223
2019.10.28 17:17:00,1.10878,1.28545,0.68259,0.63356,1.30608,0.99571,108.871,0.86237,120.721,1.10413,1.74942,1.44813,1.62414,1.88297,1.67894,1.28004,139.988,2.02838,0.8914800000000001,0.67969,74.31,1.07696,83.33799999999999,109.325,68.992,0.82764,0.6309,0.76229
2019.10.28 17:16:00,1.10882,1.2856,0.68257,0.63357,1.30605,0.99574,108.871,0.86254,120.713,1.10415,1.74952,1.44823,1.62419,1.88322,1.679,1.28013,139.955,2.02808,0.89153,0.67968,74.312,1.07696,83.34699999999999,109.326,68.985,0.82758,0.63091,0.76226
2019.10.28 17:15:00,1.10884,1.28534,0.68258,0.63358,1.30609,0.99577,108.864,0.86263,120.719,1.10417,1.74952,1.4481,1.6242,1.88277,1.67876,1.27991,139.972,2.02787,0.89147,0.67968,74.306,1.077,83.33799999999999,109.316,68.98699999999999,0.82758,0.63088,0.76234
2019.10.28 17:14:00,1.10878,1.28521,0.68249,0.63351,1.30615,0.9959,108.869,0.86271,120.73,1.10437,1.74972,1.44832,1.62418,1.88256,1.67845,1.27982,139.936,2.0279,0.8914299999999999,0.67971,74.31,1.07702,83.34699999999999,109.319,68.988,0.82752,0.6309,0.76236
2019.10.28 17:13:00,1.10882,1.28515,0.68248,0.63339,1.30625,0.9958,108.875,0.86265,120.751,1.10442,1.75005,1.44851,1.6245,1.8828,1.67853,1.27993,139.925,2.0284,0.89139,0.67971,74.304,1.07694,83.345,109.31,68.988,0.82755,0.63096,0.76231
2019.10.28 17:12:00,1.10884,1.28544,0.68247,0.63331,1.30624,0.99572,108.875,0.86264,120.737,1.10434,1.74997,1.44854,1.62476,1.8832,1.67888,1.28008,139.926,2.02839,0.89141,0.67963,74.303,1.07694,83.346,109.322,68.98399999999999,0.8275,0.63087,0.76223
2019.10.28 17:11:00,1.10867,1.28544,0.68247,0.63336,1.30624,0.99559,108.865,0.86283,120.749,1.10427,1.75012,1.44874,1.62478,1.88319,1.67894,1.28001,139.96,2.02807,0.89146,0.67957,74.295,1.0769,83.337,109.318,68.98399999999999,0.82756,0.63084,0.76208
2019.10.28 17:10:00,1.10864,1.28529,0.6823900000000001,0.63334,1.30619,0.9958,108.866,0.86278,120.757,1.10442,1.75016,1.44871,1.6249,1.88299,1.67882,1.27966,139.947,2.02826,0.89141,0.67948,74.297,1.07688,83.333,109.334,68.985,0.8276,0.6307700000000001,0.7622
2019.10.28 17:09:00,1.10859,1.28524,0.6823900000000001,0.63339,1.30633,0.9958,108.882,0.8628,120.768,1.10452,1.75065,1.44882,1.62495,1.88315,1.67886,1.27988,139.93,2.02874,0.89139,0.67955,74.29900000000001,1.0769,83.339,109.327,68.974,0.82758,0.63083,0.7622100000000001
2019.10.28 17:08:00,1.10864,1.28531,0.68243,0.63341,1.30605,0.9956199999999999,108.883,0.86287,120.783,1.10444,1.75107,1.44899,1.62511,1.88324,1.67891,1.27998,139.946,2.02913,0.89146,0.67955,74.29900000000001,1.07711,83.34099999999999,109.33,68.964,0.8274,0.63071,0.76206
2019.10.28 17:07:00,1.10874,1.28538,0.68247,0.63343,1.30599,0.99551,108.883,0.86274,120.77,1.10433,1.75092,1.44894,1.6252,1.88324,1.679,1.27981,139.957,2.0292,0.89147,0.67946,74.30500000000001,1.0773,83.34099999999999,109.349,68.962,0.8273,0.63051,0.76202
2019.10.28 17:06:00,1.10872,1.28554,0.68248,0.63351,1.30592,0.9956199999999999,108.871,0.86258,120.777,1.10442,1.75087,1.44903,1.6251,1.88339,1.67917,1.27983,139.965,2.02959,0.89158,0.67942,74.3,1.07725,83.33499999999999,109.348,68.967,0.8273200000000001,0.6304999999999999,0.76201
2019.10.28 17:05:00,1.10878,1.28578,0.68254,0.63351,1.30589,0.99557,108.882,0.86237,120.768,1.10436,1.75079,1.44876,1.62503,1.88366,1.67964,1.28021,139.964,2.02995,0.89146,0.6795099999999999,74.30800000000001,1.0773,83.334,109.346,68.967,0.82741,0.6305500000000001,0.76214
2019.10.28 17:04:00,1.10877,1.28608,0.68254,0.63369,1.30593,0.99559,108.872,0.86234,120.767,1.10434,1.75067,1.44861,1.62491,1.88395,1.67969,1.28044,140.004,2.02982,0.8914299999999999,0.67953,74.30800000000001,1.07732,83.345,109.344,68.97199999999999,0.82729,0.63056,0.7622
2019.10.28 17:03:00,1.10877,1.28605,0.68254,0.63357,1.30583,0.9956,108.877,0.86217,120.783,1.10439,1.75069,1.44861,1.62479,1.88388,1.67958,1.28043,140.026,2.0303,0.89138,0.6795600000000001,74.313,1.07729,83.352,109.346,68.979,0.82728,0.63059,0.76224
2019.10.28 17:02:00,1.10883,1.28637,0.68258,0.6335,1.30604,0.9956199999999999,108.887,0.86215,120.783,1.10437,1.75044,1.44849,1.62487,1.88437,1.67989,1.28074,140.03,2.03011,0.89142,0.67957,74.319,1.07726,83.363,109.355,68.98999999999999,0.82725,0.63061,0.76226
2019.10.28 17:01:00,1.10901,1.28634,0.68254,0.63362,1.30608,0.9956199999999999,108.892,0.86215,120.786,1.10427,1.75028,1.44841,1.62471,1.88421,1.67982,1.28077,140.074,2.02986,0.89139,0.67961,74.327,1.07722,83.371,109.358,68.998,0.82731,0.63069,0.76225
2019.10.28 17:00:00,1.10898,1.28624,0.68258,0.6337,1.30591,0.99566,108.904,0.86236,120.794,1.10435,1.7498,1.44836,1.62466,1.88417,1.67974,1.28065,140.079,2.02877,0.89138,0.67958,74.331,1.07713,83.378,109.37,69.02200000000001,0.82734,0.6307,0.76233
2019.10.28 16:59:00,1.10908,1.28595,0.6825599999999999,0.63373,1.30601,0.99564,108.91,0.86247,120.781,1.10431,1.75007,1.44854,1.62462,1.88363,1.67927,1.28043,140.084,2.02886,0.89149,0.67964,74.339,1.0769,83.387,109.371,69.004,0.8275400000000001,0.63091,0.7622
2019.10.28 16:58:00,1.10899,1.28576,0.68247,0.63374,1.306,0.9956700000000001,108.899,0.86261,120.782,1.10433,1.75031,1.44859,1.62462,1.8834,1.67927,1.28021,140.061,2.02879,0.8914,0.67962,74.32899999999999,1.07705,83.366,109.363,68.996,0.82752,0.63079,0.7622
2019.10.28 16:57:00,1.10909,1.28554,0.68257,0.63378,1.306,0.99557,108.902,0.86246,120.794,1.1043,1.75001,1.44845,1.62482,1.88333,1.67902,1.28002,140.024,2.02893,0.8914,0.67953,74.321,1.07703,83.36499999999999,109.362,69.012,0.82744,0.63071,0.76223
2019.10.28 16:56:00,1.10922,1.28585,0.68265,0.63379,1.30605,0.99544,108.907,0.8625,120.803,1.1043,1.7501,1.44881,1.62467,1.88352,1.6792,1.28021,140.002,2.02887,0.89158,0.67957,74.336,1.077,83.38,109.38,69.015,0.8274899999999999,0.63078,0.76206
2019.10.28 16:55:00,1.10922,1.28599,0.68265,0.63388,1.30604,0.99551,108.895,0.86253,120.797,1.10436,1.74997,1.44875,1.62471,1.88351,1.67951,1.28017,140.044,2.02864,0.89158,0.6795600000000001,74.336,1.07697,83.366,109.384,69.017,0.82765,0.63079,0.76212
2019.10.28 16:54:00,1.10918,1.28591,0.68264,0.6339900000000001,1.30577,0.99542,108.894,0.8625,120.787,1.10422,1.74991,1.44874,1.62471,1.88339,1.6794,1.28019,140.044,2.0286,0.89155,0.67961,74.336,1.07694,83.366,109.374,69.014,0.8277,0.63084,0.76205
2019.10.28 16:53:00,1.10921,1.28591,0.68264,0.63388,1.30557,0.9955000000000001,108.887,0.86237,120.79,1.10432,1.74975,1.44879,1.62472,1.88346,1.6794,1.28007,140.036,2.02878,0.8915999999999999,0.67952,74.32899999999999,1.07689,83.36,109.375,69.02,0.8277099999999999,0.6308,0.76207
2019.10.28 16:52:00,1.10913,1.28609,0.68265,0.63386,1.30549,0.99549,108.889,0.86247,120.782,1.10434,1.74978,1.44879,1.62471,1.88372,1.67972,1.28036,140.025,2.02862,0.89161,0.67959,74.331,1.0768,83.358,109.369,69.014,0.82779,0.6309,0.7621
2019.10.28 16:51:00,1.10919,1.286,0.68277,0.63393,1.30557,0.9953,108.879,0.86237,120.769,1.10415,1.74958,1.44854,1.62468,1.88355,1.67955,1.28027,140.049,2.02859,0.89159,0.6796,74.325,1.07686,83.352,109.358,69.01600000000001,0.82779,0.63091,0.76211
2019.10.28 16:50:00,1.10914,1.28618,0.68289,0.63392,1.3055,0.99543,108.866,0.86183,120.809,1.10445,1.74957,1.44854,1.62443,1.88343,1.67946,1.28018,140.027,2.02986,0.89161,0.67959,74.33,1.07688,83.358,109.367,69.039,0.8277600000000001,0.63087,0.7623
2019.10.28 16:49:00,1.10904,1.28718,0.68286,0.63391,1.30543,0.99556,108.886,0.86173,120.81,1.10448,1.74965,1.4483,1.6244,1.88459,1.68054,1.28136,140.025,2.03018,0.89151,0.6798,74.35599999999999,1.07688,83.387,109.371,69.03700000000001,0.82775,0.63106,0.76244
2019.10.28 16:48:00,1.10907,1.28717,0.68288,0.63391,1.30547,0.99558,108.898,0.86171,120.804,1.10452,1.74972,1.4484,1.62431,1.88472,1.68044,1.28152,140.163,2.03018,0.89159,0.67984,74.36,1.07699,83.401,109.37,69.03100000000001,0.82758,0.63104,0.7624300000000001
2019.10.28 16:47:00,1.10904,1.2872,0.68294,0.63392,1.30557,0.99551,108.893,0.86151,120.812,1.10445,1.74953,1.44835,1.62427,1.88467,1.68055,1.28156,140.18,2.03046,0.89162,0.67989,74.36,1.07704,83.392,109.362,69.042,0.82761,0.63104,0.76241
2019.10.28 16:46:00,1.10903,1.28751,0.68293,0.6339900000000001,1.30543,0.9955000000000001,108.899,0.86194,120.807,1.10444,1.74958,1.44827,1.62414,1.88489,1.68086,1.28179,140.173,2.02955,0.89156,0.67989,74.37,1.07703,83.399,109.376,69.03700000000001,0.82766,0.63106,0.76244
2019.10.28 16:45:00,1.10908,1.28689,0.68291,0.6341,1.30538,0.99554,108.893,0.86188,120.802,1.10434,1.7494,1.44815,1.62417,1.88401,1.67995,1.28114,140.216,2.02946,0.89159,0.67988,74.36499999999999,1.07703,83.40000000000001,109.372,69.041,0.82759,0.63104,0.76245
2019.10.28 16:44:00,1.10927,1.2868,0.68288,0.63402,1.30518,0.99551,108.901,0.86202,120.816,1.1044,1.74957,1.44833,1.62399,1.88394,1.67991,1.28111,140.14,2.02939,0.89159,0.67989,74.37,1.07703,83.402,109.376,69.041,0.82761,0.63107,0.76237
2019.10.28 16:43:00,1.10924,1.2867,0.6829,0.63414,1.30522,0.9954,108.906,0.86186,120.796,1.10422,1.74941,1.44813,1.62421,1.88391,1.67989,1.28097,140.141,2.02953,0.89152,0.67983,74.369,1.07701,83.402,109.384,69.035,0.82762,0.631,0.7623799999999999
2019.10.28 16:42:00,1.10922,1.28691,0.6829499999999999,0.63418,1.30512,0.9955000000000001,108.891,0.86219,120.793,1.1044,1.74939,1.44815,1.62409,1.88413,1.67997,1.28107,140.138,2.02872,0.89156,0.6797800000000001,74.361,1.077,83.398,109.379,69.03700000000001,0.82757,0.63098,0.76247
2019.10.28 16:41:00,1.10922,1.28647,0.68308,0.63404,1.30508,0.99529,108.884,0.86238,120.82,1.10444,1.74947,1.44829,1.62408,1.88341,1.67933,1.28074,140.141,2.02834,0.89159,0.6798999999999999,74.361,1.07701,83.39700000000001,109.362,69.048,0.82761,0.63109,0.76245
2019.10.28 16:40:00,1.10925,1.28652,0.68298,0.63407,1.30515,0.99549,108.883,0.8622300000000001,120.793,1.10445,1.7494,1.44806,1.62417,1.88309,1.67913,1.28047,140.083,2.0287,0.8914800000000001,0.67988,74.374,1.077,83.407,109.383,69.03700000000001,0.82764,0.63105,0.76256
2019.10.28 16:39:00,1.10926,1.28651,0.68313,0.63408,1.30536,0.99547,108.878,0.86193,120.813,1.10455,1.74917,1.44811,1.62409,1.88335,1.67918,1.28076,140.082,2.02911,0.89161,0.67992,74.361,1.07698,83.401,109.358,69.056,0.82756,0.63113,0.76261
2019.10.28 16:38:00,1.10944,1.28707,0.6831700000000001,0.6339399999999999,1.30534,0.99548,108.885,0.86193,120.817,1.10461,1.7492,1.44815,1.62392,1.88378,1.67978,1.28133,140.077,2.02909,0.89163,0.68005,74.38200000000001,1.07698,83.414,109.365,69.059,0.82767,0.63125,0.76264
2019.10.28 16:37:00,1.10932,1.28712,0.68307,0.63388,1.30537,0.99555,108.883,0.86182,120.812,1.10464,1.74944,1.44815,1.62391,1.88374,1.6798,1.28136,140.15,2.02967,0.89155,0.68011,74.384,1.07698,83.414,109.363,69.044,0.8277,0.63129,0.7626500000000001
2019.10.28 16:36:00,1.10932,1.28724,0.68307,0.63396,1.30535,0.99535,108.884,0.86193,120.806,1.10439,1.74936,1.44831,1.62406,1.88417,1.68003,1.28156,140.15,2.0293,0.8917,0.68005,74.374,1.07703,83.411,109.357,69.04600000000001,0.82759,0.63119,0.7623799999999999
2019.10.28 16:35:00,1.10933,1.28705,0.68308,0.63396,1.30513,0.99554,108.88,0.86193,120.807,1.10451,1.74918,1.44818,1.62402,1.88385,1.68007,1.28113,140.163,2.02906,0.89169,0.67994,74.372,1.07701,83.395,109.375,69.05200000000001,0.82772,0.63109,0.76254
2019.10.28 16:34:00,1.10934,1.28691,0.68294,0.63403,1.30506,0.9956700000000001,108.89,0.86216,120.773,1.10435,1.74908,1.4478,1.62385,1.88368,1.67984,1.28123,140.139,2.0285,0.89153,0.68005,74.379,1.077,83.404,109.363,69.036,0.82772,0.63124,0.76263
2019.10.28 16:33:00,1.10921,1.28624,0.68286,0.63413,1.30518,0.9957,108.891,0.8623,120.766,1.10436,1.74919,1.44776,1.62375,1.8831,1.679,1.28074,140.139,2.02828,0.89141,0.68,74.36499999999999,1.07703,83.40300000000001,109.351,69.02800000000001,0.82756,0.63115,0.76266
2019.10.28 16:32:00,1.10929,1.28599,0.6829,0.63402,1.30505,0.9958,108.885,0.8625,120.785,1.10466,1.74928,1.44775,1.62389,1.88296,1.67866,1.28052,140.069,2.02784,0.89131,0.6799500000000001,74.35299999999999,1.077,83.401,109.342,69.035,0.82746,0.63113,0.76286
2019.10.28 16:31:00,1.10925,1.28592,0.68288,0.63397,1.30515,0.99556,108.883,0.86267,120.778,1.10446,1.74941,1.4478,1.62409,1.88272,1.67825,1.28057,140.033,2.02764,0.89124,0.68005,74.355,1.07692,83.413,109.33,69.027,0.82744,0.63127,0.7627
2019.10.28 16:30:00,1.1093,1.28576,0.68297,0.63396,1.3053,0.99581,108.87,0.86259,120.77,1.10467,1.74913,1.44784,1.62423,1.88255,1.67804,1.2801,140.019,2.02752,0.8914299999999999,0.67987,74.34399999999999,1.07688,83.40600000000001,109.345,69.035,0.82741,0.63112,0.76281
2019.10.28 16:29:00,1.10958,1.28581,0.68304,0.63395,1.30528,0.9956,108.871,0.86278,120.786,1.10457,1.74897,1.44787,1.62394,1.8824,1.67824,1.28045,139.986,2.0269,0.89144,0.6801199999999999,74.354,1.07692,83.399,109.317,69.047,0.82756,0.63134,0.76274
2019.10.28 16:28:00,1.10937,1.28567,0.68297,0.6339399999999999,1.30507,0.99563,108.873,0.86292,120.803,1.10464,1.74942,1.44805,1.62394,1.88202,1.67787,1.28007,139.991,2.02706,0.8914,0.68005,74.363,1.07685,83.40900000000001,109.342,69.04000000000001,0.82763,0.63132,0.76271
2019.10.28 16:27:00,1.10948,1.2855,0.6829,0.63391,1.30506,0.99585,108.881,0.86293,120.794,1.10481,1.74942,1.44808,1.62421,1.88199,1.67779,1.27996,139.983,2.02703,0.8914299999999999,0.67999,74.36,1.07693,83.40900000000001,109.344,69.036,0.8275400000000001,0.63121,0.76279
2019.10.28 16:26:00,1.10954,1.28537,0.68285,0.63396,1.3051,0.99586,108.884,0.8629,120.793,1.10484,1.74942,1.44808,1.62422,1.88199,1.67783,1.28011,139.974,2.0271,0.89136,0.68008,74.355,1.07692,83.40300000000001,109.325,69.03400000000001,0.82756,0.6313,0.7628
2019.10.28 16:25:00,1.10948,1.28544,0.68288,0.63398,1.30514,0.99579,108.882,0.86269,120.789,1.10469,1.74934,1.44775,1.62436,1.88219,1.67787,1.28016,139.964,2.02753,0.89123,0.68005,74.349,1.07684,83.401,109.321,69.035,0.8275400000000001,0.63131,0.76288
2019.10.28 16:24:00,1.10944,1.28568,0.68282,0.6339900000000001,1.30518,0.99573,108.884,0.86264,120.8,1.1046,1.74939,1.44774,1.62421,1.88249,1.67793,1.28033,139.967,2.02772,0.89116,0.68003,74.354,1.0769,83.417,109.331,69.039,0.82739,0.63126,0.76283
2019.10.28 16:23:00,1.10936,1.28576,0.6827800000000001,0.63395,1.30519,0.9960599999999999,108.894,0.86263,120.794,1.1048,1.74924,1.44753,1.62434,1.88273,1.67801,1.28031,139.996,2.02753,0.89113,0.67992,74.35299999999999,1.07685,83.42400000000001,109.347,69.044,0.82737,0.6312,0.76307
2019.10.28 16:22:00,1.10904,1.28553,0.68282,0.63393,1.30525,0.99581,108.907,0.86281,120.803,1.10473,1.74942,1.4479,1.62415,1.8825,1.67777,1.28052,140.018,2.02729,0.8912099999999999,0.68011,74.35899999999999,1.07683,83.432,109.324,69.042,0.82735,0.6313800000000001,0.76285
2019.10.28 16:21:00,1.10903,1.28557,0.68283,0.6339,1.3052,0.99578,108.892,0.8629599999999999,120.816,1.10473,1.74937,1.44794,1.6244,1.88236,1.67781,1.28025,140.011,2.02693,0.8912600000000001,0.67998,74.352,1.0768,83.42,109.336,69.051,0.82745,0.63129,0.76281
2019.10.28 16:20:00,1.10923,1.28536,0.68288,0.63391,1.30519,0.99586,108.902,0.86294,120.817,1.10476,1.74923,1.4479,1.62437,1.88209,1.67762,1.27999,139.994,2.02681,0.89131,0.67998,74.36,1.07678,83.423,109.35,69.05500000000001,0.8274899999999999,0.63129,0.76286
2019.10.28 16:19:00,1.1093,1.28532,0.68283,0.63387,1.30507,0.99595,108.909,0.86314,120.808,1.10487,1.74935,1.44796,1.62421,1.88191,1.67761,1.28004,139.983,2.02645,0.89131,0.68007,74.369,1.07682,83.428,109.348,69.048,0.82753,0.63134,0.7629
2019.10.28 16:18:00,1.10922,1.285,0.68285,0.63384,1.30506,0.99599,108.902,0.86314,120.811,1.1049,1.74945,1.4479,1.62428,1.88157,1.67727,1.27987,139.987,2.0266,0.89129,0.6801,74.361,1.07683,83.42,109.33,69.045,0.82751,0.63137,0.76295
2019.10.28 16:17:00,1.10935,1.28502,0.68277,0.63381,1.30508,0.99602,108.904,0.86313,120.826,1.10504,1.74968,1.44801,1.62427,1.88157,1.67721,1.27992,139.948,2.02692,0.89119,0.68013,74.363,1.07688,83.423,109.328,69.044,0.82743,0.63136,0.7629899999999999
2019.10.28 16:16:00,1.10939,1.28514,0.6827800000000001,0.63381,1.30511,0.9961100000000001,108.908,0.86324,120.827,1.10515,1.74963,1.44792,1.6246,1.88201,1.67738,1.2801,139.952,2.02664,0.89113,0.68007,74.35899999999999,1.07679,83.428,109.329,69.045,0.8274,0.63135,0.76313
2019.10.28 16:15:00,1.10932,1.285,0.68267,0.6338200000000001,1.30511,0.99622,108.909,0.8633,120.837,1.10527,1.74974,1.44788,1.62459,1.88171,1.67705,1.28008,139.967,2.0266,0.89097,0.68015,74.35899999999999,1.0768,83.434,109.32,69.048,0.82735,0.63143,0.76322
2019.10.28 16:14:00,1.10932,1.2849,0.68266,0.63388,1.30501,0.9962800000000001,108.918,0.86343,120.851,1.10538,1.74988,1.448,1.62482,1.88185,1.67689,1.28011,139.954,2.02643,0.8909899999999999,0.6801199999999999,74.354,1.07673,83.443,109.317,69.048,0.82729,0.63146,0.76323
2019.10.28 16:13:00,1.10926,1.28475,0.68258,0.63396,1.30513,0.99622,108.924,0.86342,120.839,1.10533,1.75,1.44802,1.62493,1.88169,1.67672,1.28002,139.954,2.02661,0.8909,0.68015,74.357,1.07677,83.44499999999999,109.318,69.038,0.82728,0.63146,0.76318
2019.10.28 16:12:00,1.10927,1.28479,0.68258,0.63389,1.30513,0.99631,108.914,0.86355,120.815,1.10521,1.7497,1.44776,1.6251,1.88194,1.67684,1.28001,139.946,2.02595,0.89088,0.68003,74.34099999999999,1.07672,83.435,109.312,69.035,0.82724,0.6314,0.76326
2019.10.28 16:11:00,1.10907,1.28436,0.68259,0.6338200000000001,1.30502,0.99638,108.911,0.86335,120.838,1.10541,1.74982,1.44779,1.62483,1.88136,1.67624,1.27969,139.94,2.02656,0.89083,0.68009,74.34,1.0767,83.434,109.301,69.044,0.82722,0.63145,0.7633799999999999
2019.10.28 16:10:00,1.10932,1.28477,0.68257,0.63405,1.30503,0.99641,108.92,0.86363,120.828,1.1055,1.74978,1.44799,1.62499,1.88191,1.67668,1.28018,139.89,2.02583,0.8909,0.68015,74.34699999999999,1.07669,83.44799999999999,109.301,69.041,0.82719,0.63151,0.76333
2019.10.28 16:09:00,1.10932,1.28444,0.68255,0.63405,1.30512,0.99646,108.906,0.86346,120.814,1.10535,1.74922,1.44772,1.62509,1.88145,1.67638,1.27987,139.943,2.02563,0.8908700000000001,0.68014,74.33499999999999,1.07657,83.429,109.286,69.05500000000001,0.82734,0.63158,0.76335
2019.10.28 16:08:00,1.10927,1.28447,0.68253,0.634,1.30515,0.99654,108.913,0.86337,120.818,1.1054,1.74936,1.44757,1.62485,1.88159,1.67649,1.28,139.888,2.02596,0.89078,0.68015,74.337,1.07638,83.434,109.285,69.05200000000001,0.82744,0.63169,0.76348
2019.10.28 16:07:00,1.10926,1.28456,0.68255,0.63402,1.30514,0.99653,108.922,0.86325,120.81,1.10535,1.74948,1.44751,1.62481,1.88169,1.6764,1.28018,139.902,2.0264,0.89079,0.6802,74.342,1.07649,83.447,109.286,69.042,0.8273,0.63168,0.76347
2019.10.28 16:06:00,1.10927,1.28472,0.68268,0.6339900000000001,1.30502,0.99649,108.917,0.86326,120.818,1.10541,1.74905,1.44775,1.62476,1.88192,1.67658,1.28029,139.924,2.02595,0.89102,0.68021,74.342,1.07663,83.444,109.285,69.06399999999999,0.8272,0.6316000000000001,0.76339
2019.10.28 16:05:00,1.10937,1.28482,0.68267,0.63395,1.30511,0.99649,108.915,0.86312,120.815,1.1054,1.74905,1.44775,1.62459,1.88171,1.67685,1.28037,139.933,2.02621,0.89103,0.68031,74.35299999999999,1.07644,83.43899999999999,109.286,69.063,0.82756,0.63179,0.76337
2019.10.28 16:04:00,1.10937,1.285,0.68257,0.63386,1.30506,0.99641,108.913,0.86321,120.825,1.10537,1.74925,1.44782,1.6246,1.88202,1.67717,1.28054,139.945,2.02625,0.89088,0.6803,74.34999999999999,1.07642,83.434,109.285,69.062,0.82756,0.6318,0.76331
2019.10.28 16:03:00,1.10936,1.28493,0.6825599999999999,0.63396,1.30508,0.99629,108.918,0.86304,120.829,1.10536,1.74936,1.44785,1.62495,1.88223,1.677,1.28036,139.96,2.02677,0.89079,0.68014,74.343,1.07633,83.438,109.298,69.059,0.82751,0.6317,0.76329
2019.10.28 16:02:00,1.10941,1.28531,0.68258,0.63396,1.30521,0.99641,108.91,0.86292,120.84,1.10548,1.74947,1.44795,1.6251,1.88279,1.67736,1.28059,139.959,2.02708,0.89089,0.68005,74.336,1.07629,83.43899999999999,109.304,69.062,0.82747,0.63166,0.76333
2019.10.28 16:01:00,1.10942,1.28545,0.68257,0.63397,1.30517,0.99651,108.921,0.86328,120.846,1.1056,1.74951,1.44791,1.62503,1.88289,1.67766,1.28087,139.989,2.02633,0.89084,0.68016,74.346,1.0764,83.44199999999999,109.301,69.06100000000001,0.82746,0.63168,0.76344
