9139123,173967290,2020.09.21 02:00:00,2020.09.21 06:00:00,-0.26,NZDJPY,1
9139123,173967740,2020.09.21 03:00:00,2020.09.21 07:00:00,-0.14,NZDJPY,1
9139123,173968045,2020.09.21 04:00:00,2020.09.21 08:00:00,0.43,NZDJPY,1
9139112,173967291,2020.09.21 02:00:00,2020.09.21 09:00:00,0.25,EURJPY,1
9139112,173967744,2020.09.21 03:00:00,2020.09.21 10:00:00,0.89,EURJPY,1
9139116,173970016,2020.09.21 10:00:00,2020.09.21 11:40:40,7.52,GBPCAD,1
9139112,173968940,2020.09.21 07:00:04,2020.09.21 11:30:48,7.61,EURJPY,1
9139112,173968691,2020.09.21 06:00:00,2020.09.21 11:32:50,8.28,EURJPY,1
9139120,173968931,2020.09.21 07:00:00,2020.09.21 11:22:10,-9.57,GBPUSD,0
9139120,173968690,2020.09.21 06:00:00,2020.09.21 11:40:24,-10.58,GBPUSD,0
9139118,173970019,2020.09.21 10:00:00,2020.09.21 11:03:45,-8.47,GBPJPY,0
9139118,173968483,2020.09.21 05:00:00,2020.09.21 11:22:11,11.38,GBPJPY,1
9139118,173967741,2020.09.21 03:00:00,2020.09.21 11:22:24,12.08,GBPJPY,1
9139118,173966717,2020.09.21 01:00:00,2020.09.21 11:32:49,13.44,GBPJPY,1
9139118,173967293,2020.09.21 02:00:00,2020.09.21 11:32:49,13.17,GBPJPY,1
9139112,173968481,2020.09.21 05:00:00,2020.09.21 12:33:35,8.79,EURJPY,1
9139102,173970021,2020.09.21 10:00:00,2020.09.21 13:19:52,-6.85,AUDJPY,0
9139102,173969512,2020.09.21 09:00:00,2020.09.21 14:02:27,-6.97,AUDJPY,0
9139124,173966712,2020.09.21 01:00:00,2020.09.21 15:30:37,-6.62,NZDUSD,0
9139124,173966504,2020.09.21 00:00:05,2020.09.21 15:41:25,-6.88,NZDUSD,0
9139120,173968482,2020.09.21 05:00:00,2020.09.21 16:09:33,-11.15,GBPUSD,0
9139120,173968042,2020.09.21 04:00:00,2020.09.21 16:26:36,-12.07,GBPUSD,0
9139127,173974348,2020.09.21 14:00:00,2020.09.21 16:34:08,5.90,USDJPY,0
9139127,173972540,2020.09.21 12:00:00,2020.09.21 16:34:08,5.34,USDJPY,0
9139127,173971265,2020.09.21 11:00:02,2020.09.21 16:34:08,4.95,USDJPY,0
9139127,173973677,2020.09.21 13:00:00,2020.09.21 16:34:09,5.64,USDJPY,0
9139127,173970022,2020.09.21 10:00:00,2020.09.21 16:34:09,4.38,USDJPY,0
9139127,173969514,2020.09.21 09:00:00,2020.09.21 16:34:09,4.30,USDJPY,0
9139127,173969213,2020.09.21 08:00:00,2020.09.21 16:34:09,4.65,USDJPY,0
9139120,173967745,2020.09.21 03:00:00,2020.09.21 17:21:27,-11.80,GBPUSD,0
9139120,173966714,2020.09.21 01:00:00,2020.09.21 17:39:21,-13.08,GBPUSD,0
9139120,173967289,2020.09.21 02:00:00,2020.09.21 17:39:21,-12.60,GBPUSD,0
9139102,173968477,2020.09.21 05:00:00,2020.09.21 17:35:16,-8.29,AUDJPY,0
9139113,173969511,2020.09.21 09:00:00,2020.09.21 17:51:47,-7.71,EURNZD,1
9139112,173971244,2020.09.21 11:00:00,2020.09.21 18:00:00,-5.03,EURJPY,0
9139123,173974346,2020.09.21 14:00:00,2020.09.21 18:00:00,2.00,NZDJPY,1
9139120,173966499,2020.09.21 00:00:05,2020.09.21 18:13:52,-13.41,GBPUSD,0
9139123,173975143,2020.09.21 15:00:00,2020.09.21 19:00:00,0.62,NZDJPY,1
9139112,173972532,2020.09.21 12:00:00,2020.09.21 19:00:00,-0.05,EURJPY,0
9139112,173973680,2020.09.21 13:00:00,2020.09.21 20:00:00,1.84,EURJPY,0
9139123,173976009,2020.09.21 16:00:00,2020.09.21 20:00:00,-0.68,NZDJPY,1
9139113,173969214,2020.09.21 08:00:00,2020.09.21 21:42:18,-8.04,EURNZD,1
9139112,173974344,2020.09.21 14:00:00,2020.09.21 21:00:00,4.39,EURJPY,0
9139113,173968933,2020.09.21 07:00:00,2020.09.22 00:04:43,-9.03,EURNZD,1
9139113,173968692,2020.09.21 06:00:00,2020.09.22 00:04:46,-9.80,EURNZD,1
9139127,173966501,2020.09.21 00:00:05,2020.09.22 02:00:00,0.43,USDJPY,0
9139127,173966720,2020.09.21 01:00:00,2020.09.22 02:00:00,0.87,USDJPY,0
9139127,173967292,2020.09.21 02:00:00,2020.09.22 03:00:00,1.53,USDJPY,0
9139115,173972533,2020.09.21 12:00:00,2020.09.22 04:20:53,-10.31,GBPAUD,1
9139112,173982438,2020.09.21 22:00:01,2020.09.22 06:00:00,-2.23,EURJPY,0
9139112,173982955,2020.09.21 23:00:00,2020.09.22 06:00:00,-2.51,EURJPY,0
9139112,173979539,2020.09.21 18:00:00,2020.09.22 06:00:01,1.61,EURJPY,0
9139112,173983244,2020.09.22 00:00:00,2020.09.22 07:00:01,-1.72,EURJPY,0
9139112,173983437,2020.09.22 01:00:00,2020.09.22 08:00:00,-1.97,EURJPY,0
9139112,173983714,2020.09.22 02:00:00,2020.09.22 09:00:00,-2.55,EURJPY,0
9139112,173984023,2020.09.22 03:00:00,2020.09.22 10:00:00,-2.71,EURJPY,0
9139120,173985503,2020.09.22 08:00:00,2020.09.22 10:45:36,8.55,GBPUSD,1
9139118,173966500,2020.09.21 00:00:05,2020.09.22 10:09:19,13.79,GBPJPY,1
9139118,173971235,2020.09.21 11:00:00,2020.09.22 10:45:37,-11.03,GBPJPY,0
9139107,173982435,2020.09.21 22:00:00,2020.09.22 11:00:00,2.91,CHFJPY,1
9139107,173982957,2020.09.21 23:00:00,2020.09.22 12:00:00,1.99,CHFJPY,1
9139113,173966527,2020.09.21 00:01:29,2020.09.22 12:00:00,-5.86,EURNZD,1
9139113,173966715,2020.09.21 01:00:00,2020.09.22 13:00:00,-6.23,EURNZD,1
9139115,173968478,2020.09.21 05:00:00,2020.09.22 13:00:00,-0.57,GBPAUD,1
9139115,173968688,2020.09.21 06:00:00,2020.09.22 14:00:00,-5.50,GBPAUD,1
9139102,173979534,2020.09.21 18:00:00,2020.09.22 14:00:00,1.25,AUDJPY,0
9139102,173975139,2020.09.21 15:00:00,2020.09.22 14:00:00,-1.54,AUDJPY,0
9139102,173974343,2020.09.21 14:00:00,2020.09.22 14:00:00,-1.11,AUDJPY,0
9139102,173971241,2020.09.21 11:00:00,2020.09.22 14:00:00,-3.97,AUDJPY,0
9139102,173972537,2020.09.21 12:00:00,2020.09.22 14:00:00,-2.94,AUDJPY,0
9139102,173973678,2020.09.21 13:00:00,2020.09.22 14:00:01,-1.91,AUDJPY,0
9139102,173976011,2020.09.21 16:00:00,2020.09.22 14:00:01,-0.26,AUDJPY,0
9139102,173977864,2020.09.21 17:00:00,2020.09.22 14:00:01,-0.74,AUDJPY,0
9139113,173967294,2020.09.21 02:00:00,2020.09.22 14:00:00,-4.93,EURNZD,1
9139113,173967742,2020.09.21 03:00:00,2020.09.22 14:00:00,-4.94,EURNZD,1
9139107,173983439,2020.09.22 01:00:00,2020.09.22 14:00:00,1.62,CHFJPY,1
9139115,173968932,2020.09.21 07:00:00,2020.09.22 15:00:00,-3.22,GBPAUD,1
9139107,173983713,2020.09.22 02:00:00,2020.09.22 15:00:00,1.56,CHFJPY,1
9139102,173980557,2020.09.21 19:00:00,2020.09.22 15:00:00,-1.19,AUDJPY,0
9139113,173968035,2020.09.21 04:00:00,2020.09.22 15:00:00,-6.93,EURNZD,1
9139115,173969215,2020.09.21 08:00:00,2020.09.22 16:00:00,-3.01,GBPAUD,1
9139102,173981218,2020.09.21 20:00:00,2020.09.22 16:00:00,-0.89,AUDJPY,0
9139113,173968479,2020.09.21 05:00:00,2020.09.22 16:00:00,-7.28,EURNZD,1
9139115,173969510,2020.09.21 09:00:00,2020.09.22 17:00:00,-1.29,GBPAUD,1
9139112,173986603,2020.09.22 10:00:00,2020.09.22 17:00:00,0.22,EURJPY,0
9139112,173987842,2020.09.22 11:00:00,2020.09.22 18:00:00,1.09,EURJPY,0
9139115,173970017,2020.09.21 10:00:00,2020.09.22 18:00:00,-1.23,GBPAUD,1
9139116,173968930,2020.09.21 07:00:00,2020.09.22 18:39:44,8.74,GBPCAD,1
9139116,173968689,2020.09.21 06:00:00,2020.09.22 18:54:50,9.59,GBPCAD,1
9139115,173971234,2020.09.21 11:00:00,2020.09.22 19:00:00,-2.86,GBPAUD,1
9139115,173973683,2020.09.21 13:00:00,2020.09.22 21:00:00,-4.99,GBPAUD,1
9139115,173974342,2020.09.21 14:00:00,2020.09.22 22:00:00,-4.69,GBPAUD,1
9139116,173966713,2020.09.21 01:00:00,2020.09.23 03:00:00,7.09,GBPCAD,1
9139127,173985502,2020.09.22 08:00:00,2020.09.23 03:05:03,-5.04,USDJPY,1
9139127,173988938,2020.09.22 12:00:00,2020.09.23 03:32:48,-5.29,USDJPY,1
9139127,173987849,2020.09.22 11:00:01,2020.09.23 04:16:15,-4.69,USDJPY,1
9139112,173996984,2020.09.22 21:00:00,2020.09.23 04:00:00,1.33,EURJPY,1
9139116,173968032,2020.09.21 04:00:00,2020.09.23 06:00:00,8.55,GBPCAD,1
9139116,173968480,2020.09.21 05:00:00,2020.09.23 07:00:00,8.09,GBPCAD,1
9139127,173985040,2020.09.22 06:00:04,2020.09.23 08:00:00,-5.04,USDJPY,1
9139120,173984773,2020.09.22 05:00:00,2020.09.23 09:15:13,11.46,GBPUSD,1
9139120,173983712,2020.09.22 02:00:00,2020.09.23 09:15:14,-12.61,GBPUSD,0
9139127,173977876,2020.09.21 17:00:01,2020.09.23 09:00:00,4.26,USDJPY,0
9139127,173981878,2020.09.21 21:00:02,2020.09.23 09:00:00,2.63,USDJPY,0
9139127,173982439,2020.09.21 22:00:01,2020.09.23 09:00:00,2.59,USDJPY,0
9139127,173982956,2020.09.21 23:00:00,2020.09.23 09:00:00,3.13,USDJPY,0
9139127,173983246,2020.09.22 00:00:00,2020.09.23 09:00:00,3.44,USDJPY,0
9139120,173982961,2020.09.21 23:00:00,2020.09.23 11:00:00,-10.97,GBPUSD,0
9139120,173983245,2020.09.22 00:00:00,2020.09.23 12:00:00,-10.62,GBPUSD,0
9139107,173997836,2020.09.22 23:00:00,2020.09.23 12:00:00,-0.89,CHFJPY,1
9139120,173983440,2020.09.22 01:00:00,2020.09.23 13:00:00,-7.80,GBPUSD,0
9139106,173972538,2020.09.21 12:00:00,2020.09.23 14:00:00,-0.75,CADJPY,1
9139107,173998137,2020.09.23 01:00:00,2020.09.23 14:00:00,-0.50,CHFJPY,1
9139107,173998380,2020.09.23 02:00:00,2020.09.23 15:00:00,-0.37,CHFJPY,1
9139108,173985504,2020.09.22 08:00:00,2020.09.23 15:27:44,-9.69,EURAUD,1
9139108,173991213,2020.09.22 15:00:00,2020.09.23 15:28:08,-10.59,EURAUD,1
9139108,173988939,2020.09.22 12:00:00,2020.09.23 15:28:08,-10.26,EURAUD,1
9139108,173992101,2020.09.22 16:00:00,2020.09.23 15:49:59,-11.00,EURAUD,1
9139112,174000206,2020.09.23 08:00:00,2020.09.23 15:00:00,1.48,EURJPY,0
9139116,174002207,2020.09.23 11:00:00,2020.09.23 15:58:12,-6.83,GBPCAD,1
9139116,174003078,2020.09.23 12:00:00,2020.09.23 16:00:55,-7.26,GBPCAD,1
9139116,174001339,2020.09.23 10:00:00,2020.09.23 16:01:00,-6.90,GBPCAD,1
9139112,173998681,2020.09.23 03:00:00,2020.09.23 16:00:00,-0.32,EURJPY,0
9139112,173998984,2020.09.23 04:00:00,2020.09.23 16:00:00,1.50,EURJPY,0
9139112,174000582,2020.09.23 09:00:00,2020.09.23 16:00:00,0.86,EURJPY,0
9139108,173993462,2020.09.22 17:00:00,2020.09.23 17:13:38,-11.45,EURAUD,1
9139108,173987841,2020.09.22 11:00:00,2020.09.23 17:13:53,-9.66,EURAUD,1
9139116,173972531,2020.09.21 12:00:00,2020.09.23 17:00:00,-2.90,GBPCAD,1
9139112,174001343,2020.09.23 10:00:00,2020.09.23 17:00:00,-0.13,EURJPY,0
9139123,174004002,2020.09.23 13:00:00,2020.09.23 17:00:00,0.26,NZDJPY,1
9139106,173976010,2020.09.21 16:00:00,2020.09.23 18:00:00,-2.10,CADJPY,1
9139112,174002208,2020.09.23 11:00:00,2020.09.23 18:00:00,1.29,EURJPY,0
9139106,173977861,2020.09.21 17:00:00,2020.09.23 19:00:00,-0.39,CADJPY,1
9139112,174003079,2020.09.23 12:00:00,2020.09.23 19:00:00,0.12,EURJPY,0
9139112,174004003,2020.09.23 13:00:00,2020.09.23 20:00:00,1.13,EURJPY,0
9139106,173979533,2020.09.21 18:00:00,2020.09.23 20:00:00,-3.68,CADJPY,1
9139102,173998136,2020.09.23 01:00:00,2020.09.23 21:00:00,-4.35,AUDJPY,0
9139108,173994657,2020.09.22 18:00:00,2020.09.23 21:19:17,-11.07,EURAUD,1
9139108,173995749,2020.09.22 19:00:00,2020.09.23 21:19:17,-10.64,EURAUD,1
9139108,173984772,2020.09.22 05:00:00,2020.09.23 22:41:09,-11.34,EURAUD,1
9139102,173998381,2020.09.23 02:00:00,2020.09.23 22:00:00,-5.93,AUDJPY,0
9139123,174008973,2020.09.23 18:00:00,2020.09.23 22:00:00,1.81,NZDJPY,1
9139123,174006329,2020.09.23 16:00:00,2020.09.23 23:00:00,1.98,NZDJPY,1
9139123,174007746,2020.09.23 17:00:00,2020.09.24 00:01:19,1.15,NZDJPY,1
9139123,174009778,2020.09.23 19:00:00,2020.09.24 00:01:19,0.75,NZDJPY,1
9139123,174011738,2020.09.23 22:00:00,2020.09.24 02:00:00,-0.49,NZDJPY,1
9139108,173996389,2020.09.22 20:00:00,2020.09.24 04:56:58,-11.49,EURAUD,1
9139107,174005362,2020.09.23 15:00:00,2020.09.24 04:00:00,-1.93,CHFJPY,1
9139102,173998682,2020.09.23 03:00:00,2020.09.24 05:52:04,-9.13,AUDJPY,0
9139107,174007742,2020.09.23 17:00:00,2020.09.24 06:00:00,-1.89,CHFJPY,1
9139102,174000583,2020.09.23 09:00:00,2020.09.24 09:54:21,-8.80,AUDJPY,0
9139127,174000591,2020.09.23 09:00:01,2020.09.24 11:00:00,-1.93,USDJPY,1
9139127,173998976,2020.09.23 04:00:00,2020.09.24 11:00:01,-1.88,USDJPY,1
9139127,173999305,2020.09.23 05:00:00,2020.09.24 11:00:01,-1.17,USDJPY,1
9139127,174001348,2020.09.23 10:00:00,2020.09.24 11:00:01,-1.92,USDJPY,1
9139127,174000209,2020.09.23 08:00:00,2020.09.24 11:00:01,-2.22,USDJPY,1
9139116,174004005,2020.09.23 13:00:00,2020.09.24 11:48:22,-8.58,GBPCAD,1
9139127,173996989,2020.09.22 21:00:01,2020.09.24 12:00:00,2.96,USDJPY,0
9139118,173988936,2020.09.22 12:00:00,2020.09.24 14:00:00,-4.21,GBPJPY,1
9139123,174015667,2020.09.24 10:00:00,2020.09.24 14:00:00,-1.64,NZDJPY,1
9139115,174011029,2020.09.23 21:00:00,2020.09.24 15:58:58,-13.67,GBPAUD,1
9139102,174001341,2020.09.23 10:00:00,2020.09.24 15:54:50,-8.67,AUDJPY,0
9139102,173999302,2020.09.23 05:00:00,2020.09.24 15:54:54,-10.06,AUDJPY,0
9139118,173983709,2020.09.22 02:00:00,2020.09.24 15:00:00,1.47,GBPJPY,0
9139118,173984020,2020.09.22 03:00:00,2020.09.24 15:00:00,1.09,GBPJPY,0
9139118,173984774,2020.09.22 05:00:00,2020.09.24 15:00:00,3.83,GBPJPY,0
9139118,173972536,2020.09.21 12:00:00,2020.09.24 15:00:00,-5.82,GBPJPY,1
9139118,173973679,2020.09.21 13:00:00,2020.09.24 15:00:00,-4.79,GBPJPY,1
9139118,173974345,2020.09.21 14:00:00,2020.09.24 15:00:01,-5.27,GBPJPY,1
9139118,173975144,2020.09.21 15:00:00,2020.09.24 15:00:01,-3.92,GBPJPY,1
9139118,173981872,2020.09.21 21:00:00,2020.09.24 16:00:00,-4.43,GBPJPY,1
9139118,173991214,2020.09.22 15:00:00,2020.09.24 17:00:00,4.26,GBPJPY,0
9139102,174011737,2020.09.23 22:00:00,2020.09.24 18:00:00,-4.82,AUDJPY,0
9139102,173998985,2020.09.23 04:00:00,2020.09.24 18:00:00,-8.29,AUDJPY,0
9139102,174004001,2020.09.23 13:00:00,2020.09.24 18:00:01,-7.15,AUDJPY,0
9139102,174009771,2020.09.23 19:00:00,2020.09.24 18:00:01,-6.01,AUDJPY,0
9139102,174012209,2020.09.23 23:00:00,2020.09.24 19:00:00,-2.68,AUDJPY,0
9139107,174014006,2020.09.24 06:00:00,2020.09.24 19:00:00,3.49,CHFJPY,1
9139107,174008965,2020.09.23 18:00:00,2020.09.24 19:00:00,1.47,CHFJPY,1
9139107,174011034,2020.09.23 21:00:00,2020.09.24 20:00:00,2.16,CHFJPY,1
9139107,174012210,2020.09.23 23:00:00,2020.09.24 20:00:00,1.91,CHFJPY,1
9139112,174018539,2020.09.24 14:00:00,2020.09.24 21:00:00,-2.88,EURJPY,1
9139112,174020201,2020.09.24 16:00:00,2020.09.24 23:00:00,-3.04,EURJPY,1
9139107,174018541,2020.09.24 14:00:00,2020.09.25 03:00:00,1.69,CHFJPY,1
9139115,174009768,2020.09.23 19:00:00,2020.09.25 03:00:00,-7.18,GBPAUD,1
9139120,174006328,2020.09.23 16:00:00,2020.09.25 04:00:01,0.77,GBPUSD,0
9139120,174007747,2020.09.23 17:00:00,2020.09.25 05:00:00,0.31,GBPUSD,0
9139120,173990499,2020.09.22 14:00:00,2020.09.25 05:00:00,-10.27,GBPUSD,0
9139120,173991215,2020.09.22 15:00:00,2020.09.25 05:00:00,-5.72,GBPUSD,0
9139120,173996403,2020.09.22 20:00:03,2020.09.25 05:00:01,2.41,GBPUSD,0
9139120,174001340,2020.09.23 10:00:00,2020.09.25 05:00:01,-4.89,GBPUSD,1
9139120,174002209,2020.09.23 11:00:00,2020.09.25 05:00:01,-4.98,GBPUSD,1
9139120,173987844,2020.09.22 11:00:00,2020.09.25 05:00:01,0.31,GBPUSD,1
9139120,173988935,2020.09.22 12:00:00,2020.09.25 05:00:01,6.58,GBPUSD,1
9139120,174008964,2020.09.23 18:00:00,2020.09.25 06:00:00,-1.07,GBPUSD,0
9139102,174023235,2020.09.24 19:00:00,2020.09.25 15:00:00,-0.93,AUDJPY,0
9139102,174015670,2020.09.24 10:00:00,2020.09.25 15:00:00,1.21,AUDJPY,0
9139102,174020198,2020.09.24 16:00:00,2020.09.25 15:00:00,1.24,AUDJPY,0
9139102,174018543,2020.09.24 14:00:00,2020.09.25 15:00:00,-1.58,AUDJPY,0
9139127,174018542,2020.09.24 14:00:00,2020.09.25 15:00:00,-0.23,USDJPY,1
9139127,174012211,2020.09.23 23:00:00,2020.09.25 16:00:00,0.92,USDJPY,0
9139127,174015666,2020.09.24 10:00:00,2020.09.25 16:00:00,-2.24,USDJPY,1
9139102,174024383,2020.09.24 21:00:00,2020.09.25 17:00:00,-2.77,AUDJPY,0
9139107,174026614,2020.09.25 04:00:00,2020.09.25 17:00:00,-1.17,CHFJPY,0
9139127,174019330,2020.09.24 15:00:01,2020.09.25 17:00:00,-1.68,USDJPY,1
9139127,174020197,2020.09.24 16:00:00,2020.09.25 17:00:00,-1.83,USDJPY,1
9139107,174020196,2020.09.24 16:00:00,2020.09.25 18:00:00,1.25,CHFJPY,1
9139116,174007745,2020.09.23 17:00:00,2020.09.25 19:00:01,-1.61,GBPCAD,1
9139107,174028043,2020.09.25 06:00:00,2020.09.25 19:00:00,-1.44,CHFJPY,0
9139116,174006331,2020.09.23 16:00:00,2020.09.25 20:00:00,-1.90,GBPCAD,1
9139124,174009777,2020.09.23 19:00:00,2020.09.25 21:00:00,2.23,NZDUSD,1
9139116,173973681,2020.09.21 13:00:00,2020.09.25 21:00:00,-2.79,GBPCAD,1
9139116,173974341,2020.09.21 14:00:00,2020.09.25 21:00:00,-2.20,GBPCAD,1
9139116,173975137,2020.09.21 15:00:00,2020.09.25 21:00:00,-1.25,GBPCAD,1
9139119,174009773,2020.09.23 19:00:00,2020.09.25 21:00:00,1.31,GBPNZD,0
9139106,174010448,2020.09.23 20:00:00,2020.09.25 22:00:00,0.96,CADJPY,1
9139106,173980556,2020.09.21 19:00:00,2020.09.25 22:00:00,-1.16,CADJPY,1
9139106,173991216,2020.09.22 15:00:00,2020.09.25 22:00:00,-3.04,CADJPY,1
9139106,173992102,2020.09.22 16:00:00,2020.09.25 22:00:00,-2.82,CADJPY,1
9139119,174030131,2020.09.25 11:00:00,2020.09.28 11:45:36,9.81,GBPNZD,0
9139115,174012206,2020.09.23 23:00:00,2020.09.28 11:26:07,-14.02,GBPAUD,1
9139115,174030130,2020.09.25 11:00:00,2020.09.28 11:30:45,-8.65,GBPAUD,1
9139115,174015663,2020.09.24 10:00:00,2020.09.28 11:38:30,-9.82,GBPAUD,1
9139115,174014003,2020.09.24 06:00:00,2020.09.28 11:38:30,-11.57,GBPAUD,1
9139113,174004004,2020.09.23 13:00:00,2020.09.28 11:46:58,-2.40,EURNZD,1
9139113,174006327,2020.09.23 16:00:00,2020.09.28 11:46:59,-1.73,EURNZD,1
9139113,174007741,2020.09.23 17:00:00,2020.09.28 11:47:00,-2.49,EURNZD,1
9139113,174008963,2020.09.23 18:00:00,2020.09.28 11:47:01,-2.01,EURNZD,1
9139113,174009772,2020.09.23 19:00:00,2020.09.28 11:47:01,-0.62,EURNZD,1
9139113,174011033,2020.09.23 21:00:00,2020.09.28 11:47:02,1.16,EURNZD,1
9139113,174012207,2020.09.23 23:00:00,2020.09.28 11:47:03,1.58,EURNZD,1
9139108,174006330,2020.09.23 16:00:00,2020.09.28 11:47:00,-5.52,EURAUD,1
9139119,174033381,2020.09.25 16:00:00,2020.09.28 12:24:57,11.77,GBPNZD,0
9139119,174028041,2020.09.25 06:00:00,2020.09.28 13:05:29,10.74,GBPNZD,0
9139119,174036901,2020.09.25 23:00:00,2020.09.28 13:14:59,-13.06,GBPNZD,1
9139119,174012212,2020.09.23 23:00:00,2020.09.28 13:53:52,14.53,GBPNZD,0
9139119,174037311,2020.09.28 00:01:28,2020.09.28 13:54:04,-12.82,GBPNZD,1
9139115,174034239,2020.09.25 17:00:00,2020.09.28 13:15:49,10.57,GBPAUD,0
9139118,174026615,2020.09.25 04:00:00,2020.09.28 14:12:08,12.51,GBPJPY,0
9139119,174026619,2020.09.25 04:00:00,2020.09.28 14:10:35,11.63,GBPNZD,0
9139119,174015665,2020.09.24 10:00:00,2020.09.28 14:11:04,12.93,GBPNZD,0
9139112,174037884,2020.09.28 02:00:00,2020.09.28 14:00:00,-0.30,EURJPY,1
9139112,174038179,2020.09.28 03:00:00,2020.09.28 15:00:00,-1.94,EURJPY,1
9139112,174045956,2020.09.28 15:00:00,2020.09.29 03:00:00,-0.97,EURJPY,1
9139112,174043352,2020.09.28 12:00:00,2020.09.29 03:00:00,-4.69,EURJPY,1
9139112,174044133,2020.09.28 13:00:00,2020.09.29 03:00:00,-4.10,EURJPY,1
9139112,174045124,2020.09.28 14:00:00,2020.09.29 03:00:01,-2.87,EURJPY,1
9139112,174046802,2020.09.28 16:00:00,2020.09.29 04:00:00,-0.44,EURJPY,1
9139118,174024382,2020.09.24 21:00:00,2020.09.29 07:43:43,9.87,GBPJPY,0
9139102,174026617,2020.09.25 04:00:00,2020.09.29 07:43:45,-3.45,AUDJPY,1
9139102,174032794,2020.09.25 15:00:00,2020.09.29 07:43:50,-5.21,AUDJPY,1
9139102,174035757,2020.09.25 19:00:00,2020.09.29 07:43:50,5.87,AUDJPY,0
9139102,174036076,2020.09.25 20:00:00,2020.09.29 07:43:51,5.28,AUDJPY,0
9139102,174036318,2020.09.25 21:00:00,2020.09.29 07:43:51,5.08,AUDJPY,0
9139119,174022410,2020.09.24 18:00:00,2020.09.29 07:43:37,-6.30,GBPNZD,1
9139119,174024380,2020.09.24 21:00:00,2020.09.29 07:43:42,6.03,GBPNZD,0
9139119,174043345,2020.09.28 12:00:00,2020.09.29 07:43:58,0.32,GBPNZD,1
9139119,174044129,2020.09.28 13:00:00,2020.09.29 07:44:01,2.81,GBPNZD,1
9139119,174045117,2020.09.28 14:00:00,2020.09.29 07:44:03,4.94,GBPNZD,1
9139119,174045948,2020.09.28 15:00:00,2020.09.29 07:44:06,4.69,GBPNZD,1
9139119,174046801,2020.09.28 16:00:00,2020.09.29 07:44:08,3.59,GBPNZD,1
9139119,174053686,2020.09.29 04:00:00,2020.09.29 07:44:09,-2.02,GBPNZD,0
9139112,174053691,2020.09.29 04:00:00,2020.09.29 07:44:10,-1.47,EURJPY,1
9139115,174020189,2020.09.24 16:00:00,2020.09.29 07:43:34,0.63,GBPAUD,1
9139115,174022412,2020.09.24 18:00:00,2020.09.29 07:43:38,-3.60,GBPAUD,1
9139115,174024379,2020.09.24 21:00:00,2020.09.29 07:43:41,-5.84,GBPAUD,1
9139115,174026620,2020.09.25 04:00:00,2020.09.29 07:43:46,4.15,GBPAUD,0
9139115,174036317,2020.09.25 21:00:00,2020.09.29 07:43:51,-2.64,GBPAUD,1
9139115,174043346,2020.09.28 12:00:00,2020.09.29 07:43:59,-4.05,GBPAUD,0
9139115,174044128,2020.09.28 13:00:00,2020.09.29 07:44:01,-5.75,GBPAUD,0
9139115,174045118,2020.09.28 14:00:00,2020.09.29 07:44:03,-7.73,GBPAUD,0
9139115,174045946,2020.09.28 15:00:00,2020.09.29 07:44:04,-6.53,GBPAUD,0
9139115,174046803,2020.09.28 16:00:00,2020.09.29 07:44:08,-5.13,GBPAUD,0
9139107,174036900,2020.09.25 23:00:00,2020.09.29 07:43:52,-4.79,CHFJPY,1
9139107,174037516,2020.09.28 01:00:00,2020.09.29 07:43:54,-4.34,CHFJPY,1
9139107,174037879,2020.09.28 02:00:00,2020.09.29 07:43:55,-4.59,CHFJPY,1
9139107,174038177,2020.09.28 03:00:00,2020.09.29 07:43:57,-4.42,CHFJPY,1
9139108,174012208,2020.09.23 23:00:00,2020.09.29 07:43:32,0.05,EURAUD,1
9139108,174015671,2020.09.24 10:00:00,2020.09.29 07:43:33,5.37,EURAUD,1
9139108,174020199,2020.09.24 16:00:00,2020.09.29 07:43:35,5.75,EURAUD,1
9139108,174022411,2020.09.24 18:00:00,2020.09.29 07:43:38,5.65,EURAUD,1
9139108,174023237,2020.09.24 19:00:00,2020.09.29 07:43:40,4.70,EURAUD,1
9139108,174024381,2020.09.24 21:00:00,2020.09.29 07:43:43,3.20,EURAUD,1
9139108,174026621,2020.09.25 04:00:00,2020.09.29 07:43:47,3.94,EURAUD,1
9139108,174028042,2020.09.25 06:00:00,2020.09.29 07:43:48,3.22,EURAUD,1
9139108,174030132,2020.09.25 11:00:00,2020.09.29 07:43:49,-1.64,EURAUD,0
9139100,174037325,2020.09.28 00:03:02,2020.09.29 07:43:53,-5.12,AUDCAD,1
9139100,174037519,2020.09.28 01:00:00,2020.09.29 07:43:54,-4.38,AUDCAD,1
9139100,174037882,2020.09.28 02:00:00,2020.09.29 07:43:56,-3.79,AUDCAD,1
9139100,174038178,2020.09.28 03:00:00,2020.09.29 07:43:57,-3.82,AUDCAD,1
9139100,174043348,2020.09.28 12:00:00,2020.09.29 07:43:59,-2.95,AUDCAD,1
9139100,174044130,2020.09.28 13:00:00,2020.09.29 07:44:02,-2.91,AUDCAD,1
9139100,174045123,2020.09.28 14:00:00,2020.09.29 07:44:03,-2.30,AUDCAD,1
9139100,174045950,2020.09.28 15:00:00,2020.09.29 07:44:07,-1.12,AUDCAD,1
9139123,174037318,2020.09.28 00:02:18,2020.09.29 07:43:53,-3.18,NZDJPY,1
9139127,174036905,2020.09.25 23:00:01,2020.09.29 07:43:52,0.19,USDJPY,1
9139123,174037880,2020.09.28 02:00:00,2020.09.29 07:43:55,-1.56,NZDJPY,1
9139127,174043351,2020.09.28 12:00:00,2020.09.29 07:44:00,1.82,USDJPY,0
9139123,174038181,2020.09.28 03:00:00,2020.09.29 07:43:57,-1.53,NZDJPY,1
9139123,174043350,2020.09.28 12:00:00,2020.09.29 07:44:00,-3.27,NZDJPY,1
9139123,174044131,2020.09.28 13:00:00,2020.09.29 07:44:02,-3.38,NZDJPY,1
9139123,174045127,2020.09.28 14:00:00,2020.09.29 07:44:04,-2.04,NZDJPY,1
9139123,174045949,2020.09.28 15:00:00,2020.09.29 07:44:07,-1.44,NZDJPY,1
9139124,174015669,2020.09.24 10:00:00,2020.09.29 07:43:33,-4.27,NZDUSD,1
9139124,174018540,2020.09.24 14:00:00,2020.09.29 07:43:34,-4.03,NZDUSD,1
9139124,174022413,2020.09.24 18:00:00,2020.09.29 07:43:39,-4.02,NZDUSD,1
9139124,174023238,2020.09.24 19:00:00,2020.09.29 07:43:41,-2.72,NZDUSD,1
9139124,174024385,2020.09.24 21:00:00,2020.09.29 07:43:44,-1.33,NZDUSD,1
9139124,174026618,2020.09.25 04:00:00,2020.09.29 07:43:46,-2.23,NZDUSD,1
9139116,174053687,2020.09.29 04:00:00,2020.09.29 07:44:10,-0.02,GBPCAD,1
9139113,174022414,2020.09.24 18:00:00,2020.09.29 07:43:39,-4.28,EURNZD,0
9139106,174020200,2020.09.24 16:00:00,2020.09.29 07:43:35,-3.06,CADJPY,1
9139106,174030135,2020.09.25 11:00:00,2020.09.29 07:43:49,-0.54,CADJPY,1
9139106,174037514,2020.09.28 01:00:00,2020.09.29 07:43:53,0.14,CADJPY,1
9139106,174037881,2020.09.28 02:00:00,2020.09.29 07:43:56,-0.48,CADJPY,1
9139106,174038183,2020.09.28 03:00:00,2020.09.29 07:43:58,-0.40,CADJPY,1
9139112,174055039,2020.09.29 09:00:00,2020.09.29 16:40:56,-5.15,EURJPY,1
9139119,174056586,2020.09.29 11:00:00,2020.09.29 17:33:09,-9.41,GBPNZD,0
9139112,174054689,2020.09.29 08:00:00,2020.09.29 17:02:06,-5.29,EURJPY,1
9139112,174056587,2020.09.29 11:00:00,2020.09.29 17:25:34,-5.91,EURJPY,1
9139112,174055671,2020.09.29 10:00:00,2020.09.29 18:39:06,-5.60,EURJPY,1
9139102,174056581,2020.09.29 11:00:00,2020.09.30 03:00:00,-5.25,AUDJPY,1
9139102,174058992,2020.09.29 14:00:00,2020.09.30 06:00:00,-1.18,AUDJPY,1
9139112,174063185,2020.09.29 18:00:00,2020.09.30 06:00:00,0.70,EURJPY,0
9139102,174059934,2020.09.29 15:00:00,2020.09.30 07:00:00,1.31,AUDJPY,1
9139112,174061974,2020.09.29 17:00:00,2020.09.30 07:00:01,0.65,EURJPY,0
9139112,174063963,2020.09.29 19:00:00,2020.09.30 07:00:01,0.17,EURJPY,0
9139112,174060709,2020.09.29 16:00:00,2020.09.30 07:00:01,1.79,EURJPY,0
9139127,174054694,2020.09.29 08:00:01,2020.09.30 11:00:00,-0.56,USDJPY,1
9139127,174055038,2020.09.29 09:00:00,2020.09.30 11:00:00,-0.47,USDJPY,1
9139127,174055670,2020.09.29 10:00:00,2020.09.30 12:00:01,-0.19,USDJPY,1
9139127,174056582,2020.09.29 11:00:00,2020.09.30 13:00:00,-1.25,USDJPY,1
9139106,174068461,2020.09.30 08:00:00,2020.09.30 18:51:55,-4.98,CADJPY,1
9139123,174055672,2020.09.29 10:00:00,2020.09.30 19:34:48,4.74,NZDJPY,0
9139112,174068166,2020.09.30 07:00:01,2020.09.30 20:00:00,1.31,EURJPY,1
9139112,174068459,2020.09.30 08:00:00,2020.09.30 20:00:00,0.68,EURJPY,1
9139112,174066667,2020.09.30 02:00:00,2020.09.30 20:00:00,3.16,EURJPY,1
9139115,174058244,2020.09.29 13:00:00,2020.09.30 21:00:00,4.07,GBPAUD,1
9139112,174065300,2020.09.29 21:00:00,2020.09.30 21:00:00,-3.41,EURJPY,0
9139112,174065739,2020.09.29 22:00:00,2020.09.30 21:00:00,-3.10,EURJPY,0
9139115,174058988,2020.09.29 14:00:00,2020.09.30 22:00:00,3.23,GBPAUD,1
9139115,174060707,2020.09.29 16:00:00,2020.10.01 00:01:00,-1.19,GBPAUD,1
9139106,174068156,2020.09.30 07:00:00,2020.10.01 04:14:28,-5.29,CADJPY,1
9139106,174054700,2020.09.29 08:00:03,2020.10.01 04:44:59,-4.40,CADJPY,1
9139107,174063957,2020.09.29 19:00:00,2020.10.01 04:00:00,1.25,CHFJPY,1
9139107,174064649,2020.09.29 20:00:00,2020.10.01 05:00:00,1.76,CHFJPY,1
9139106,174063184,2020.09.29 18:00:00,2020.10.01 05:02:02,-5.58,CADJPY,1
9139106,174063964,2020.09.29 19:00:00,2020.10.01 05:02:10,-5.72,CADJPY,1
9139107,174065299,2020.09.29 21:00:00,2020.10.01 06:00:00,1.58,CHFJPY,1
9139112,174080123,2020.09.30 21:00:00,2020.10.01 09:00:00,-2.31,EURJPY,1
9139112,174078791,2020.09.30 19:00:00,2020.10.01 09:00:00,-1.74,EURJPY,1
9139119,174055669,2020.09.29 10:00:00,2020.10.01 10:44:10,-9.24,GBPNZD,0
9139112,174079496,2020.09.30 20:00:00,2020.10.01 10:00:00,-2.66,EURJPY,1
9139116,174055040,2020.09.29 09:00:00,2020.10.01 11:00:00,3.34,GBPCAD,1
9139112,174081646,2020.09.30 23:00:00,2020.10.01 11:00:00,-2.01,EURJPY,1
9139119,174057411,2020.09.29 12:00:00,2020.10.01 11:19:21,-9.71,GBPNZD,0
9139119,174058995,2020.09.29 14:00:00,2020.10.01 11:50:01,-11.07,GBPNZD,0
9139119,174058241,2020.09.29 13:00:00,2020.10.01 11:50:01,-10.56,GBPNZD,0
9139119,174061972,2020.09.29 17:00:00,2020.10.01 13:40:14,-11.32,GBPNZD,0
9139119,174059932,2020.09.29 15:00:00,2020.10.01 13:40:33,-11.52,GBPNZD,0
9139119,174060706,2020.09.29 16:00:00,2020.10.01 13:40:33,-11.67,GBPNZD,0
9139116,174087159,2020.10.01 12:00:00,2020.10.01 14:37:30,-10.93,GBPCAD,1
9139123,174068453,2020.09.30 08:00:00,2020.10.01 14:15:34,-5.94,NZDJPY,1
9139123,174057434,2020.09.29 12:00:01,2020.10.01 14:36:42,-5.69,NZDJPY,1
9139123,174066330,2020.09.30 00:01:50,2020.10.01 14:45:18,-5.85,NZDJPY,1
9139123,174063182,2020.09.29 18:00:00,2020.10.01 14:45:47,-5.86,NZDJPY,1
9139116,174058242,2020.09.29 13:00:00,2020.10.01 15:00:00,-3.53,GBPCAD,1
9139123,174058245,2020.09.29 13:00:00,2020.10.01 15:38:24,-5.69,NZDJPY,1
9139106,174056588,2020.09.29 11:00:00,2020.10.01 16:49:33,4.38,CADJPY,0
9139116,174058991,2020.09.29 14:00:00,2020.10.01 16:00:00,-3.18,GBPCAD,1
9139116,174059933,2020.09.29 15:00:00,2020.10.01 17:00:00,5.07,GBPCAD,1
9139119,174063181,2020.09.29 18:00:00,2020.10.01 20:00:00,-7.37,GBPNZD,0
9139106,174055674,2020.09.29 10:00:00,2020.10.01 21:27:17,4.32,CADJPY,0
9139106,174066052,2020.09.29 23:00:00,2020.10.01 21:27:42,-5.93,CADJPY,1
9139127,174080118,2020.09.30 21:00:00,2020.10.01 23:00:00,-0.39,USDJPY,1
9139127,174066856,2020.09.30 03:00:01,2020.10.01 23:00:01,1.03,USDJPY,1
9139112,174086154,2020.10.01 11:00:00,2020.10.01 23:00:00,1.08,EURJPY,0
9139112,174083534,2020.10.01 06:00:00,2020.10.01 23:00:00,1.41,EURJPY,0
9139123,174066666,2020.09.30 02:00:00,2020.10.02 00:39:45,-5.25,NZDJPY,1
9139127,174067162,2020.09.30 04:00:00,2020.10.02 00:00:00,1.96,USDJPY,1
9139127,174067452,2020.09.30 05:00:00,2020.10.02 00:00:00,1.10,USDJPY,1
9139112,174087160,2020.10.01 12:00:00,2020.10.02 00:00:00,0.89,EURJPY,0
9139112,174087888,2020.10.01 13:00:00,2020.10.02 01:00:00,-0.67,EURJPY,0
9139112,174088516,2020.10.01 14:00:00,2020.10.02 02:00:00,-0.42,EURJPY,0
9139112,174084549,2020.10.01 09:00:00,2020.10.02 02:00:00,0.09,EURJPY,0
9139112,174089711,2020.10.01 15:00:00,2020.10.02 03:00:00,-1.10,EURJPY,0
9139112,174090681,2020.10.01 16:00:00,2020.10.02 04:00:00,-2.35,EURJPY,0
9139112,174092232,2020.10.01 17:00:00,2020.10.02 05:00:00,-2.19,EURJPY,0
9139112,174093509,2020.10.01 18:00:00,2020.10.02 06:00:00,-1.89,EURJPY,0
9139106,174095572,2020.10.01 22:00:00,2020.10.02 08:46:30,-5.99,CADJPY,0
9139106,174085201,2020.10.01 10:00:00,2020.10.02 08:50:30,-4.85,CADJPY,0
9139106,174087162,2020.10.01 12:00:00,2020.10.02 08:50:57,-4.72,CADJPY,0
9139106,174086147,2020.10.01 11:00:00,2020.10.02 08:51:26,-4.88,CADJPY,0
9139127,174087891,2020.10.01 13:00:00,2020.10.02 08:40:51,3.70,USDJPY,1
9139127,174068154,2020.09.30 07:00:00,2020.10.02 08:43:16,4.46,USDJPY,1
9139127,174067748,2020.09.30 06:00:00,2020.10.02 08:43:16,4.77,USDJPY,1
9139127,174068460,2020.09.30 08:00:00,2020.10.02 08:52:47,4.30,USDJPY,1
9139127,174095948,2020.10.01 23:00:01,2020.10.02 08:52:52,4.72,USDJPY,1
9139127,174096348,2020.10.02 01:00:00,2020.10.02 08:53:41,4.88,USDJPY,1
9139123,174096661,2020.10.02 02:00:00,2020.10.02 08:52:53,-5.75,NZDJPY,0
9139123,174092231,2020.10.01 17:00:00,2020.10.02 08:52:55,-6.15,NZDJPY,0
9139112,174097640,2020.10.02 06:00:00,2020.10.02 08:52:38,6.00,EURJPY,1
9139107,174092230,2020.10.01 17:00:00,2020.10.02 12:03:00,8.63,CHFJPY,1
9139107,174085195,2020.10.01 10:00:00,2020.10.02 12:17:17,5.57,CHFJPY,1
9139107,174068462,2020.09.30 08:00:00,2020.10.02 13:00:02,-3.25,CHFJPY,0
9139107,174086148,2020.10.01 11:00:00,2020.10.02 20:00:00,1.69,CHFJPY,1
9139112,174099410,2020.10.02 09:00:00,2020.10.02 21:00:00,-2.28,EURJPY,1
9139112,174100160,2020.10.02 10:00:00,2020.10.02 22:00:00,-1.12,EURJPY,1
9139123,174067449,2020.09.30 05:00:00,2020.10.05 08:55:54,2.71,NZDJPY,0
9139123,174081643,2020.09.30 23:00:00,2020.10.05 08:55:59,-3.80,NZDJPY,1
9139123,174083538,2020.10.01 06:00:00,2020.10.05 08:56:36,1.91,NZDJPY,0
9139123,174089712,2020.10.01 15:00:00,2020.10.05 08:56:37,-0.23,NZDJPY,0
9139123,174090683,2020.10.01 16:00:00,2020.10.05 08:56:38,0.02,NZDJPY,0
9139123,174093507,2020.10.01 18:00:00,2020.10.05 08:56:39,-0.41,NZDJPY,0
9139123,174094213,2020.10.01 19:00:00,2020.10.05 08:56:41,-0.22,NZDJPY,0
9139123,174099412,2020.10.02 09:00:00,2020.10.05 08:56:54,-4.73,NZDJPY,1
9139123,174101976,2020.10.02 12:00:00,2020.10.05 08:56:58,-4.18,NZDJPY,1
9139106,174058993,2020.09.29 14:00:00,2020.10.05 08:55:47,3.90,CADJPY,0
9139107,174093508,2020.10.01 18:00:00,2020.10.05 08:56:39,-1.81,CHFJPY,1
9139106,174065742,2020.09.29 22:00:00,2020.10.05 08:55:53,-5.50,CADJPY,1
9139107,174094214,2020.10.01 19:00:00,2020.10.05 08:56:40,-1.43,CHFJPY,1
9139106,174081648,2020.09.30 23:00:00,2020.10.05 08:55:57,-3.18,CADJPY,1
9139107,174094695,2020.10.01 20:00:00,2020.10.05 08:56:42,-2.08,CHFJPY,1
9139106,174083541,2020.10.01 06:00:00,2020.10.05 08:56:01,1.34,CADJPY,0
9139107,174095574,2020.10.01 22:00:00,2020.10.05 08:56:44,-1.92,CHFJPY,1
9139106,174104029,2020.10.02 15:00:00,2020.10.05 08:57:04,-5.03,CADJPY,1
9139107,174097374,2020.10.02 05:00:01,2020.10.05 08:56:52,2.24,CHFJPY,0
9139114,174096156,2020.10.02 00:00:00,2020.10.05 08:56:46,0.96,EURUSD,1
9139114,174096347,2020.10.02 01:00:00,2020.10.05 08:56:48,0.92,EURUSD,1
9139114,174096847,2020.10.02 03:00:00,2020.10.05 08:56:50,-1.12,EURUSD,0
9139114,174097131,2020.10.02 04:00:01,2020.10.05 08:56:52,-0.28,EURUSD,0
9139115,174096664,2020.10.02 02:00:00,2020.10.05 08:56:49,-5.25,GBPAUD,1
9139115,174096845,2020.10.02 03:00:00,2020.10.05 08:56:51,-4.78,GBPAUD,1
9139119,174081642,2020.09.30 23:00:00,2020.10.05 08:55:59,-3.46,GBPNZD,0
9139100,174068458,2020.09.30 08:00:00,2020.10.05 08:55:54,0.17,AUDCAD,1
9139102,174064652,2020.09.29 20:00:00,2020.10.05 08:55:50,-5.54,AUDJPY,1
9139118,174056583,2020.09.29 11:00:00,2020.10.05 08:55:44,-5.48,GBPJPY,1
9139116,174081644,2020.09.30 23:00:00,2020.10.05 08:55:58,0.62,GBPCAD,1
9139119,174083537,2020.10.01 06:00:00,2020.10.05 08:56:34,-3.80,GBPNZD,0
9139100,174072427,2020.09.30 13:00:01,2020.10.05 08:55:55,-0.05,AUDCAD,1
9139102,174065298,2020.09.29 21:00:00,2020.10.05 08:55:51,-4.72,AUDJPY,1
9139118,174057413,2020.09.29 12:00:00,2020.10.05 08:55:45,-4.38,GBPJPY,1
9139116,174083536,2020.10.01 06:00:00,2020.10.05 08:56:00,1.43,GBPCAD,1
9139119,174096663,2020.10.02 02:00:00,2020.10.05 08:56:49,-5.24,GBPNZD,1
9139100,174080119,2020.09.30 21:00:00,2020.10.05 08:55:56,0.39,AUDCAD,1
9139102,174065740,2020.09.29 22:00:00,2020.10.05 08:55:52,-4.56,AUDJPY,1
9139118,174058243,2020.09.29 13:00:00,2020.10.05 08:55:46,-7.10,GBPJPY,1
9139119,174099409,2020.10.02 09:00:00,2020.10.05 08:56:53,-3.17,GBPNZD,1
9139100,174081647,2020.09.30 23:00:00,2020.10.05 08:55:57,-0.19,AUDCAD,1
9139102,174078792,2020.09.30 19:00:00,2020.10.05 08:55:56,1.48,AUDJPY,0
9139118,174058990,2020.09.29 14:00:00,2020.10.05 08:55:47,-6.92,GBPJPY,1
9139119,174100159,2020.10.02 10:00:00,2020.10.05 08:56:55,-4.44,GBPNZD,1
9139100,174094212,2020.10.01 19:00:00,2020.10.05 08:56:40,1.21,AUDCAD,1
9139119,174101254,2020.10.02 11:00:00,2020.10.05 08:56:55,0.55,GBPNZD,1
9139118,174060708,2020.09.29 16:00:00,2020.10.05 08:55:48,5.97,GBPJPY,0
9139100,174094691,2020.10.01 20:00:00,2020.10.05 08:56:42,1.11,AUDCAD,1
9139119,174101977,2020.10.02 12:00:00,2020.10.05 08:56:56,4.07,GBPNZD,1
9139118,174061970,2020.09.29 17:00:00,2020.10.05 08:55:49,6.90,GBPJPY,0
9139100,174095106,2020.10.01 21:00:00,2020.10.05 08:56:43,0.67,AUDCAD,1
9139119,174102726,2020.10.02 13:00:00,2020.10.05 08:56:59,-2.17,GBPNZD,0
9139119,174103417,2020.10.02 14:00:00,2020.10.05 08:57:03,-1.89,GBPNZD,0
9139119,174104028,2020.10.02 15:00:00,2020.10.05 08:57:06,-3.18,GBPNZD,0
9139118,174086153,2020.10.01 11:00:00,2020.10.05 08:56:37,4.10,GBPJPY,0
9139100,174095573,2020.10.01 22:00:00,2020.10.05 08:56:43,0.60,AUDCAD,1
9139100,174096248,2020.10.02 00:01:05,2020.10.05 08:56:48,0.39,AUDCAD,1
9139100,174099415,2020.10.02 09:00:00,2020.10.05 08:56:53,-1.32,AUDCAD,1
9139127,174096158,2020.10.02 00:00:01,2020.10.05 08:56:47,-0.83,USDJPY,1
9139127,174102732,2020.10.02 13:00:00,2020.10.05 08:57:00,-3.93,USDJPY,1
9139112,174101974,2020.10.02 12:00:00,2020.10.05 08:56:57,-5.79,EURJPY,1
9139112,174102727,2020.10.02 13:00:00,2020.10.05 08:57:00,-6.04,EURJPY,1
9139112,174103414,2020.10.02 14:00:00,2020.10.05 08:57:01,-6.13,EURJPY,1
9139112,174104026,2020.10.02 15:00:00,2020.10.05 08:57:05,-5.21,EURJPY,1
9139112,174109497,2020.10.02 23:00:00,2020.10.05 08:57:14,-4.12,EURJPY,1
9139102,174109923,2020.10.05 00:01:09,2020.10.05 17:00:00,2.24,AUDJPY,0
9139112,174109926,2020.10.05 00:01:21,2020.10.05 17:05:36,-9.87,EURJPY,1
9139127,174116690,2020.10.05 14:00:00,2020.10.05 18:00:02,-0.21,USDJPY,0
9139127,174117345,2020.10.05 15:00:00,2020.10.05 19:00:00,0.74,USDJPY,0
9139127,174118153,2020.10.05 16:00:00,2020.10.05 20:00:00,1.31,USDJPY,0
9139106,174115453,2020.10.05 12:00:00,2020.10.05 21:00:00,-0.24,CADJPY,0
9139106,174116180,2020.10.05 13:00:00,2020.10.05 22:00:00,0.19,CADJPY,0
9139106,174116696,2020.10.05 14:00:00,2020.10.05 23:00:00,1.07,CADJPY,0
9139106,174117348,2020.10.05 15:00:00,2020.10.06 01:00:00,0.59,CADJPY,0
9139106,174118156,2020.10.05 16:00:00,2020.10.06 02:00:00,2.05,CADJPY,0
9139106,174119228,2020.10.05 17:00:00,2020.10.06 02:00:00,1.54,CADJPY,0
9139102,174120044,2020.10.05 18:00:00,2020.10.06 10:00:00,-2.49,AUDJPY,0
9139102,174120768,2020.10.05 19:00:00,2020.10.06 11:00:00,-3.02,AUDJPY,0
9139106,174123501,2020.10.06 02:00:00,2020.10.06 11:00:00,-1.60,CADJPY,0
9139102,174113052,2020.10.05 09:00:00,2020.10.06 12:00:00,1.82,AUDJPY,1
9139127,174124715,2020.10.06 08:00:00,2020.10.06 12:00:00,0.56,USDJPY,1
9139106,174123696,2020.10.06 03:00:00,2020.10.06 12:00:00,-1.55,CADJPY,0
9139106,174120046,2020.10.05 18:00:00,2020.10.06 12:00:00,-0.56,CADJPY,0
9139106,174121788,2020.10.05 21:00:00,2020.10.06 12:00:00,-0.55,CADJPY,0
9139106,174123928,2020.10.06 04:00:00,2020.10.06 13:00:00,-1.69,CADJPY,0
9139102,174121302,2020.10.05 20:00:03,2020.10.06 13:00:00,-4.24,AUDJPY,0
9139102,174121784,2020.10.05 21:00:00,2020.10.06 13:00:00,-2.97,AUDJPY,0
9139102,174116187,2020.10.05 13:00:00,2020.10.06 13:00:00,2.59,AUDJPY,1
9139102,174116692,2020.10.05 14:00:00,2020.10.06 13:00:00,2.25,AUDJPY,1
9139102,174117347,2020.10.05 15:00:00,2020.10.06 13:00:00,2.46,AUDJPY,1
9139102,174118157,2020.10.05 16:00:00,2020.10.06 13:00:00,2.13,AUDJPY,1
9139102,174123697,2020.10.06 03:00:00,2020.10.06 19:00:00,4.18,AUDJPY,1
9139106,174126224,2020.10.06 11:00:00,2020.10.06 20:00:00,-1.04,CADJPY,0
9139123,174123927,2020.10.06 04:00:00,2020.10.06 21:53:51,-5.99,NZDJPY,0
9139123,174120766,2020.10.05 19:00:00,2020.10.06 21:54:02,-5.04,NZDJPY,0
9139123,174122681,2020.10.05 23:00:00,2020.10.06 21:55:31,5.77,NZDJPY,1
9139123,174124730,2020.10.06 08:00:02,2020.10.06 21:55:31,-5.91,NZDJPY,0
9139123,174125066,2020.10.06 09:00:00,2020.10.06 21:56:35,-5.75,NZDJPY,0
9139107,174118154,2020.10.05 16:00:00,2020.10.07 01:00:00,1.19,CHFJPY,1
9139118,174109857,2020.10.05 00:00:07,2020.10.07 01:00:00,-2.90,GBPJPY,0
9139123,174122283,2020.10.05 22:00:00,2020.10.07 01:05:30,5.18,NZDJPY,1
9139107,174119226,2020.10.05 17:00:00,2020.10.07 02:00:00,1.95,CHFJPY,1
9139107,174120045,2020.10.05 18:00:00,2020.10.07 02:00:00,3.03,CHFJPY,1
9139107,174120767,2020.10.05 19:00:00,2020.10.07 03:00:00,2.72,CHFJPY,1
9139107,174121289,2020.10.05 20:00:00,2020.10.07 04:00:00,3.26,CHFJPY,1
9139107,174121785,2020.10.05 21:00:00,2020.10.07 05:00:00,2.93,CHFJPY,1
9139127,174137396,2020.10.07 01:00:00,2020.10.07 05:00:00,-0.44,USDJPY,1
9139127,174137785,2020.10.07 02:00:00,2020.10.07 06:00:31,-0.49,USDJPY,1
9139107,174122287,2020.10.05 22:00:00,2020.10.07 06:00:03,2.55,CHFJPY,1
9139107,174122680,2020.10.05 23:00:00,2020.10.07 07:00:00,3.67,CHFJPY,1
9139127,174137953,2020.10.07 03:00:00,2020.10.07 07:00:00,-0.57,USDJPY,1
9139127,174138306,2020.10.07 04:00:01,2020.10.07 09:00:00,-0.91,USDJPY,1
9139127,174138600,2020.10.07 05:00:00,2020.10.07 10:00:00,-0.73,USDJPY,1
9139102,174132898,2020.10.06 19:00:00,2020.10.07 11:00:00,-1.08,AUDJPY,1
9139102,174134881,2020.10.06 22:00:00,2020.10.07 14:00:00,3.05,AUDJPY,0
9139102,174136105,2020.10.06 22:35:51,2020.10.07 15:00:00,2.99,AUDJPY,0
9139116,174123695,2020.10.06 03:00:00,2020.10.07 16:16:25,9.08,GBPCAD,1
9139102,174136614,2020.10.06 23:00:38,2020.10.07 16:00:00,3.90,AUDJPY,0
9139127,174146535,2020.10.07 17:28:31,2020.10.07 22:00:00,0.18,USDJPY,0
9139127,174147348,2020.10.07 18:00:00,2020.10.07 22:00:00,-0.04,USDJPY,0
9139106,174148092,2020.10.07 19:00:00,2020.10.08 04:00:00,1.55,CADJPY,0
9139106,174148779,2020.10.07 20:00:00,2020.10.08 05:00:00,1.10,CADJPY,0
9139106,174149446,2020.10.07 21:00:00,2020.10.08 06:00:00,0.09,CADJPY,0
9139106,174150163,2020.10.07 22:00:00,2020.10.08 07:00:00,-0.05,CADJPY,0
